Date,Description,Debit,Credit
6/03/2023,Allianzwgiinsuranc     Sydney        Au,156.06,
6/03/2023,7-Eleven 2264          Revesby       Au,76.32,
6/03/2023,Wholefarms Pty Ltd     Milperra      Au,21.82,
6/03/2023,Transportfornsw Opal   Chippendale   Au,5,
6/03/2023,Sp Flare Discounts     Millers Point Au,190,
6/03/2023,Boost Accessories      Melbourne     Au,15,
3/03/2023,Nrma Wat               West Perth    Au,3046.07,
3/03/2023,Transportfornsw Opal   Chippendale   Au,15,
1/03/2023,Phone/Internet Tfr From    0000484088811,,3000
28/02/2023,Ezi*Gift Card Exchange Bentleigh     Au,194,
27/02/2023,Costco Wholesale Pty   Lidcombe      Au,186.74,
27/02/2023,Transportfornsw Opal   Chippendale   Au,5,
24/02/2023,Zippay P364779120      Sydney        Au,350,
24/02/2023,Transportfornsw Opal   Chippendale   Au,15,
23/02/2023,Sp Flare Discounts     Millers Point Au,142.5,
23/02/2023,Transportfornsw Opal   Chippendale   Au,15,
22/02/2023,Sp Flare Discounts     Millers Point Au,190,
22/02/2023,Royal Caribbean        (305) 341-020 Au,200,
21/02/2023,Bunnings 409000        Greenacre     Au,,43.08
20/02/2023,Wholefarms Pty Ltd     Milperra      Au,53.35,
20/02/2023,Transportfornsw Opal   Chippendale   Au,15,
20/02/2023,Temco Petroleum        Greenacre     Au,53.21,
17/02/2023,Sp Flare Discounts     Millers Point Au,95,
17/02/2023,Sp Flare Discounts     Millers Point Au,190,
17/02/2023,Sp Flare Discounts     Millers Point Au,190,
17/02/2023,Sp Flare Discounts     Millers Point Au,950,
17/02/2023,Sp Flare Discounts     Millers Point Au,950,
17/02/2023,Ap Bankstown Ps        Bankstown     Au,29.85,
17/02/2023,Lego Australia Pty Ltd Sydney        Au,227.99,
17/02/2023,Lego Australia Pty Ltd Sydney        Au,227.99,
16/02/2023,Sp Flare Discounts     Millers Point Au,475,
16/02/2023,Sp Flare Discounts     Millers Point Au,475,
16/02/2023,Costco Wholesale Aust  Lidcombe      Au,269.82,
16/02/2023,Transportfornsw Opal   Chippendale   Au,15,
15/02/2023,Sp Flare Discounts     Millers Point Au,475,
15/02/2023,Lego Australia Pty Ltd Sydney        Au,173.98,
15/02/2023,Lego Australia Pty Ltd Sydney        Au,175.97,
14/02/2023,Allianzwgiinsuranc     Sydney        Au,79.6,
14/02/2023,Sp Flare Discounts     Millers Point Au,475,
13/02/2023,Payment - Autopay,,5342.56
13/02/2023,Transportfornsw Opal   Chippendale   Au,15,
13/02/2023,Sp Flare Discounts     Millers Point Au,950,
13/02/2023,Transportfornsw Opal   Chippendale   Au,15,
10/02/2023,Phone/Internet Tfr From    0000484088811,,3000
10/02/2023,Zippay P359287682      Sydney        Au,350,
10/02/2023,Transportfornsw Opal   Chippendale   Au,15,
9/02/2023,Transportfornsw Opal   Chippendale   Au,15,
8/02/2023,Amaysim Mobile Pty Ltd Sydney        Au,474,
8/02/2023,True Rewards           Kensington    Au,30,
7/02/2023,Phone/Internet Tfr From    0000484088811,,2000
7/02/2023,0St George Ghs 8136    Kogarah       Au,1181,
7/02/2023,Metro Chullora         Greenacre     Au,59.65,
6/02/2023,Allianzwgiinsuranc     Sydney        Au,156.06,
6/02/2023,7-Eleven 2181          Bankstown     Au,62.75,
6/02/2023,Transportfornsw Opal   Chippendale   Au,20,
3/02/2023,0St George Ghs 8136    Kogarah       Au,380,
3/02/2023,Costco Wholesale Aust  Lidcombe      Au,97.98,
2/02/2023,Shinnyo En Australia   Lane Cove     Au,39,
1/02/2023,Sp Flare Discounts     Millers Point Au,475,
30/01/2023,Sp Flare Discounts     Millers Point Au,475,
30/01/2023,Sp Flare Discounts     Millers Point Au,47.5,
30/01/2023,Sp Flare Discounts     Millers Point Au,950,
30/01/2023,Bunnings 423000        Bankstown     Au,29.94,
30/01/2023,Transportfornsw Opal   Chippendale   Au,5,
27/01/2023,Zippay* P352633816     Sydney        Au,344.77,
27/01/2023,Med*Aldimobile         Chatswood     Au,15,
27/01/2023,Costco Wholesale Aust  Lidcombe      Au,25.96,
23/01/2023,Metro Petroleum Revesb Clovellly     Au,76.74,
23/01/2023,Shinnyo En Australia   Lane Cove     Au,12,
23/01/2023,Transportfornsw Opal   Chippendale   Au,40,
23/01/2023,Transportfornsw Opal   Chippendale   Au,20,
23/01/2023,Transportfornsw Opal   Chippendale   Au,40,
20/01/2023,Digital Rewards        Melbourne     Au,30,
20/01/2023,Digital Rewards        Melbourne     Au,30,
19/01/2023,Transportfornsw Opal   Chippendale   Au,20,
16/01/2023,Allianzwgiinsuranc     Sydney        Au,79.6,
13/01/2023,Zippay P346399165      Sydney        Au,33.68,
12/01/2023,Payment - Autopay,,3238.73
12/01/2023,Transportfornsw Opal   Chippendale   Au,5,
12/01/2023,Paypal *Airbnbpayme  H 4029357733    Au,109.3,
5/01/2023,Allianzwgiinsuranc     Sydney        Au,156.06,
5/01/2023,Nrma Service Centr     Newcastle     Au,217.8,
4/01/2023,Costco Wholesale Aust  Lidcombe      Au,159.94,
3/01/2023,Cakemakers Sydney Pty  Greenacre     Au,28.9,
3/01/2023,Sp Flare Discounts     Millers Point Au,47.5,
3/01/2023,Ausgiftcards           Milsons Point Au,900,
3/01/2023,Ausgiftcards           Milsons Point Au,900,
3/01/2023,Costco Wholesale Aust  Lidcombe      Au,60,
3/01/2023,Transportfornsw Opal   Chippendale   Au,5,
30/12/2022,Phone/Internet Tfr From    0000484088811,,2000
30/12/2022,Zippay* P340931446     Sydney        Au,4.71,
30/12/2022,Costco Wholesale Pty   Lidcombe      Au,59.13,
29/12/2022,7-Eleven 2181          Bankstown     Au,100.27,
28/12/2022,Everyday Extra         Bella Vista   Au,59,
28/12/2022,Phone/Internet Tfr From    0000484088811,,2000
28/12/2022,Metro Chullora         Greenacre     Au,69.73,
28/12/2022,Bcf Australia          Bankstown     Au,2,
28/12/2022,Transportfornsw Opal   Chippendale   Au,5,
28/12/2022,Fields Of Fruit        Bankstown     Au,40,
28/12/2022,Fields Of Fruit        Bankstown     Au,47.1,
28/12/2022,Digital Rewards        Melbourne     Au,30,
28/12/2022,Digital Rewards        Melbourne     Au,30,
28/12/2022,Costco Wholesale Aust  Lidcombe      Au,49.97,
28/12/2022,Costco Wholesale Aust  Lidcombe      Au,49.97,
23/12/2022,Sp Flare Discounts     Millers Point Au,95,
23/12/2022,Costco Wholesale Aust  Lidcombe      Au,99.94,
23/12/2022,Shopback Vouchers Rn8L Sydney        Au,30,
22/12/2022,Sp Flare Discounts     Millers Point Au,950,
22/12/2022,Transportfornsw Opal   Chippendale   Au,20,
21/12/2022,Sp Flare Discounts     Millers Point Au,1425,
21/12/2022,Sp Flare Discounts     Millers Point Au,475,
21/12/2022,Sp Flare Discounts     Millers Point Au,950,
21/12/2022,Sp Flare Discounts     Millers Point Au,475,
21/12/2022,Sp Flare Discounts     Millers Point Au,950,
21/12/2022,Sp Flare Discounts     Millers Point Au,950,
20/12/2022,Phone/Internet Tfr From    0000484088811,,3000
20/12/2022,Phone/Internet Tfr From    0000484088811,,2000
20/12/2022,Lego Australia Pty Ltd Sydney        Au,283.14,
20/12/2022,Lego Australia Pty Ltd Sydney        Au,279.93,
19/12/2022,Toymate                Bankstown     Au,94.99,
19/12/2022,Uniqlo Hurstville      Hurstville    Au,14.9,
16/12/2022,Fresh Asiana           Lidcombe      Au,28.57,
16/12/2022,Zippay P336633616      Zip.Co        Au,12.9,
16/12/2022,Transportfornsw Opal   Chippendale   Au,5,
15/12/2022,Transportfornsw Opal   Chippendale   Au,5,
15/12/2022,Transportfornsw Opal   Chippendale   Au,5,
14/12/2022,Allianzwgiinsuranc     Sydney        Au,79.6,
14/12/2022,Ezi*Gift Card Exchange Bentleigh     Au,475,
14/12/2022,Ezi*Gift Card Exchange Bentleigh     Au,475,
13/12/2022,Eb *Printmaking Worksh 801-413-7200  Au,10,
13/12/2022,Eb *Learn To Surf Summ 801-413-7200  Au,11.64,
13/12/2022,Eb *Flip Out Summer Sc 801-413-7200  Au,10,
13/12/2022,Digital Rewards        Melbourne     Au,30,
13/12/2022,Digital Rewards        Melbourne     Au,30,
12/12/2022,Phone/Internet Tfr From    0000484088811,,2000
12/12/2022,Costco Wholesale Pty   Lidcombe      Au,583.5,
12/12/2022,Daiso Lidcombe         Lidcombe      Au,36.2,
12/12/2022,Metro Ptrl Bnkstwn S   Bankstown     Au,22.5,
12/12/2022,Ebay O*27-09437-62662  Sydney        Au,0.05,
9/12/2022,Sp Flare Discounts     Millers Point Au,97,
7/12/2022,Digital Rewards        Melbourne     Au,30,
7/12/2022,Digital Rewards        Melbourne     Au,30,
7/12/2022,Ebest Pty Ltd          Chullora      Au,60.98,
5/12/2022,Allianzwgiinsuranc     Sydney        Au,156.06,
5/12/2022,Shopback Rmavm8-9Afa-8 Australia     Au,200,
2/12/2022,Phone/Internet Tfr From    0000484088811,,3000
2/12/2022,Zippay P330468563      Zip.Co        Au,24.23,
2/12/2022,Costco Wholesale Pty   Lidcombe      Au,766.5,
2/12/2022,Transportfornsw Opal   Chippendale   Au,20,
28/11/2022,Sp Flare Discounts     Millers Point Au,950,
28/11/2022,Bigw Online            Bella Vista   Au,12.5,
28/11/2022,Sp Flare Discounts     Millers Point Au,950,
28/11/2022,Metro Chullora         Greenacre     Au,57.07,
28/11/2022,Shopback Rlw1H9-9Afa-I Sydney        Au,100,
28/11/2022,Aldi Stores - Bankstow Bankstown     Au,452.25,
28/11/2022,Lego Australia Pty Ltd Sydney        Au,259.97,
25/11/2022,Sp Flare Discounts     Millers Point Au,285,
25/11/2022,Ezi*Gift Card Exchange Bentleigh     Au,1380,
25/11/2022,Ezi*Gift Card Exchange Bentleigh     Au,1840,
24/11/2022,Sp Flare Discounts     Millers Point Au,950,
24/11/2022,Sp Flare Discounts     Millers Point Au,1425,
24/11/2022,Lego Australia Pty Ltd Sydney        Au,314.88,
24/11/2022,Lego Australia Pty Ltd Sydney        Au,549.99,
24/11/2022,Lego Australia Pty Ltd Sydney        Au,639.99,
24/11/2022,Lego Australia Pty Ltd Sydney        Au,313.9,
24/11/2022,Lego Australia Pty Ltd Sydney        Au,149.97,
23/11/2022,Phone/Internet Tfr From    0000484088811,,5000
23/11/2022,Shopback Rlpwcq-9Afa-U Sydney        Au,500,
22/11/2022,Sp Flare Discounts     Millers Point Au,97,
22/11/2022,Shopback Rlohsh-9Afa-5 Sydney        Au,100,
21/11/2022,Transportfornsw Opal   Chippendale   Au,5,
21/11/2022,Shopback Rljbnk-9Afa-M Australia     Au,200,
21/11/2022,Digital Rewards        Melbourne     Au,30,
21/11/2022,Digital Rewards        Melbourne     Au,30,
18/11/2022,Shopback Rlgtrg-9Afa-B Australia     Au,200,
18/11/2022,Shopback Rlgqyc-9Afa-5 Sydney        Au,300,
18/11/2022,Zippay* P325522534     Sydney        Au,30.45,
18/11/2022,Transportfornsw Opal   Chippendale   Au,5,
17/11/2022,Fee Refund,,322.27
17/11/2022,Sp Flare Discounts     Millers Point Au,475,
17/11/2022,Transportfornsw Opal   Chippendale   Au,20,
16/11/2022,Shopback Rle0Rx-9Afa-9 Australia     Au,25,
16/11/2022,Sp Flare Discounts     Millers Point Au,285,
16/11/2022,Digital Rewards        Melbourne     Au,30,
16/11/2022,Digital Rewards        Melbourne     Au,30,
15/11/2022,Digital Rewards        Melbourne     Au,30,
15/11/2022,Digital Rewards        Melbourne     Au,30,
14/11/2022,Payment - Autopay,,9303.81
14/11/2022,Allianzwgiinsuranc     Sydney        Au,79.6,
14/11/2022,Sp Flare Discounts     Millers Point Au,194,
14/11/2022,Sp Flare Discounts     Millers Point Au,145.5,
14/11/2022,Ebay O*18-09324-47696  Sydney        Au,2.5,
14/11/2022,Ebay O*18-09324-47695  Sydney        Au,0.42,
14/11/2022,Shopback Rl5T1L-9Afa-G Sydney        Au,40,
14/11/2022,Transportfornsw Opal   Chippendale   Au,10,
11/11/2022,Sp Flare Discounts     Millers Point Au,1455,
11/11/2022,Ezi*Gift Card Exchange Bentleigh     Au,460,
9/11/2022,Sp Flare Discounts     Millers Point Au,380,
9/11/2022,Sp Flare Discounts     Millers Point Au,186,
9/11/2022,Ezi*Gift Card Exchange Bentleigh     Au,460,
7/11/2022,Allianzwgiinsuranc     Sydney        Au,156.06,
7/11/2022,Transportfornsw Opal   Chippendale   Au,5,
7/11/2022,Digital Rewards        Melbourne     Au,30,
7/11/2022,Digital Rewards        Melbourne     Au,30,
7/11/2022,Shopback Rksjql-9Afa-M Australia     Au,90.24,
7/11/2022,Lego Australia Pty Ltd Sydney        Au,199.98,
7/11/2022,Transportfornsw Opal   Chippendale   Au,15,
2/11/2022,Sp Flare Discounts     Millers Point Au,475,
2/11/2022,Transportfornsw Opal   Chippendale   Au,5,
31/10/2022,Sp Flare Discounts     Millers Point Au,194,
31/10/2022,Shopback Rkhdfh-9Afa-3 Sydney        Au,100,
31/10/2022,Transportfornsw Opal   Chippendale   Au,10,
31/10/2022,Lego Australia Pty Ltd Sydney        Au,206.91,
31/10/2022,Lego Australia Pty Ltd Sydney        Au,199.98,
31/10/2022,Kogan.Com V47Fnfzh     Melbourne     Au,,79
31/10/2022,Lego Australia Pty Ltd Sydney        Au,199.98,
28/10/2022,Kogan.Com Rf4R7Uz7     Melbourne     Au,,79
28/10/2022,Kogan.Com V47Fnfzh     Melbourne     Au,79,
28/10/2022,Kogan.Com Rf4R7Uz7     Melbourne     Au,79,
27/10/2022,Sp Flare Discounts     Millers Point Au,285,
27/10/2022,Sp Flare Discounts     Millers Point Au,97,
27/10/2022,Digital Rewards        Melbourne     Au,250,
27/10/2022,Woolworths/Centro Lady Bankstown     Au,300,
24/10/2022,Shopback Rk6D3P-9Afa-Q Sydney        Au,2.13,
24/10/2022,Transportfornsw Opal   Chippendale   Au,5,
24/10/2022,Transportfornsw Opal   Chippendale   Au,15,
20/10/2022,Ebay O*13-09230-66954  Sydney        Au,19,
17/10/2022,Ebay O*12-09219-07899  Sydney        Au,7.58,
17/10/2022,Shopback Rjqmd3-9Afa-S Sydney        Au,480.76,
14/10/2022,Allianzwgiinsuranc     Sydney        Au,79.6,
14/10/2022,Digital Rewards        Melbourne     Au,200,
14/10/2022,Costco Wholesale Aust  Lidcombe      Au,2044.65,
14/10/2022,Costco Wholesale Aust  Lidcombe      Au,1399.9,
14/10/2022,Costco Wholesale Aust  Lidcombe      Au,279.98,
13/10/2022,Payment - Autopay,,4616.22
12/10/2022,Phone/Internet Tfr From    0000484088811,,3000
12/10/2022,Sp Flare Discounts     Millers Point Au,194,
12/10/2022,Digital Rewards        Melbourne     Au,30,
12/10/2022,Digital Rewards        Melbourne     Au,30,
12/10/2022,Sp Flare Discounts     Millers Point Au,194,
11/10/2022,Sp Flare Discounts     Millers Point Au,97,
10/10/2022,Toymate                Bankstown     Au,17.81,
10/10/2022,Costco Wholesale Aust  Lidcombe      Au,839.64,
10/10/2022,Costco Wholesale Aust  Lidcombe      Au,629.73,
10/10/2022,Costco Wholesale Aust  Lidcombe      Au,419.82,
7/10/2022,Zippay* P310737295     Sydney        Au,24.35,
7/10/2022,Shopback               Australia     Au,38.5,
7/10/2022,Med*Aldimobile         Chatswood     Au,15,
6/10/2022,Digital Rewards        Melbourne     Au,30,
6/10/2022,Digital Rewards        Melbourne     Au,30,
5/10/2022,Allianzwgiinsuranc     Sydney        Au,156.06,
5/10/2022,Digital Rewards        Melbourne     Au,30,
5/10/2022,Digital Rewards        Melbourne     Au,30,
3/10/2022,Shinnyo En Australia   Lane Cove     Au,86,
3/10/2022,Sp Flare Discounts     Millers Point Au,285,
3/10/2022,Sp Flare Discounts     Millers Point Au,190,
3/10/2022,Sp Flare Discounts     Millers Point Au,47.5,
3/10/2022,Shopback               Australia     Au,200,
3/10/2022,Transportfornsw Opal   Chippendale   Au,20,
28/09/2022,Shopback               Australia     Au,50,
28/09/2022,Shopback Australia Pty Sydney        Au,200,
28/09/2022,Shopback               Australia     Au,255.13,
23/09/2022,Zippay P303029929      Zip.Co        Au,41.9,
23/09/2022,Lego Australia Pty Ltd Sydney        Au,185.98,
23/09/2022,Amazon Au              Sydney South  Au,17.62,
21/09/2022,Amazon Au              Sydney South  Au,100,
21/09/2022,Ebay O*21-09117-22604  Sydney        Au,86.8,
19/09/2022,Ebay O*17-09099-98486  Sydney        Au,,1.6
19/09/2022,Eg Group/97 Hume Hwy   Chullora      Au,43.5,
19/09/2022,Market Place Henlee    Burwood       Au,90.6,
19/09/2022,Sp Flare Discounts     Millers Point Au,97,
19/09/2022,Transportfornsw Opal   Chippendale   Au,10,
16/09/2022,Ebay O*17-09099-98486  Sydney        Au,1.6,
16/09/2022,Ebay O*01-09104-95946  Sydney        Au,7.71,
16/09/2022,Sp Flare Discounts     Millers Point Au,190,
14/09/2022,Allianzwgiinsuranc     Sydney        Au,79.6,
13/09/2022,Chemist Warehouse      Campsie       Au,1.98,
12/09/2022,Payment - Autopay,,7102.71
12/09/2022,Tong Li Super Market   Campsie       Au,165.32,
12/09/2022,Shopback Australia     Sydney        Au,20,
12/09/2022,Sp Flare Discounts     Millers Point Au,475,
12/09/2022,Sp Flare Discounts     Millers Point Au,95,
12/09/2022,Digital Rewards        Melbourne     Au,30,
12/09/2022,Digital Rewards        Melbourne     Au,30,
12/09/2022,Transportfornsw Opal   Chippendale   Au,20,
9/09/2022,Sp Flare Discounts     Millers Point Au,190,
9/09/2022,Sp Flare Discounts     Millers Point Au,475,
9/09/2022,Sp Flare Discounts     Millers Point Au,291,
9/09/2022,Sp Flare Discounts     Millers Point Au,194,
9/09/2022,Sp Flare Discounts     Millers Point Au,485,
9/09/2022,Shopback Australia     Sydney        Au,100,
8/09/2022,Digital Rewards        Melbourne     Au,30,
8/09/2022,Digital Rewards        Melbourne     Au,30,
8/09/2022,Eb *Spring School Holi 801-413-7200  Au,20,
8/09/2022,Eb *Spring School Holi 801-413-7200  Au,20,
8/09/2022,Shopback Australia     Sydney        Au,100,
7/09/2022,Sp Flare Discounts     Millers Point Au,475,
7/09/2022,Shopback Australia     Sydney        Au,200,
7/09/2022,Sp Flare Discounts     Millers Point Au,97,
7/09/2022,Sp Flare Discounts     Millers Point Au,485,
7/09/2022,Shopback Australia     Sydney        Au,38.32,
7/09/2022,Sp Flare Discounts     Millers Point Au,475,
6/09/2022,Bunnings 409000        Greenacre     Au,38.63,
5/09/2022,Allianzwgiinsuranc     Sydney        Au,156.06,
5/09/2022,Eg Group/1618 Canterbu Bankstown     Au,64.56,
1/09/2022,Toymate                Bankstown     Au,,21.8
1/09/2022,Shopback Australia     Sydney        Au,76.29,
31/08/2022,Costco Wholesale Aust  Lidcombe      Au,78.99,
31/08/2022,Costco Wholesale Aust  Lidcombe      Au,78.99,
30/08/2022,Costco Wholesale Aust  Lidcombe      Au,379.98,
30/08/2022,Costco Wholesale Aust  Lidcombe      Au,78.99,
29/08/2022,Shinnyo En Australia   Lane Cove     Au,39,
26/08/2022,Zippay P291547592      Sydney        Au,9.9,
26/08/2022,Sp Flare Discounts     Millers Point Au,1140,
23/08/2022,Zone Bowling           Villawood     Au,100,
22/08/2022,Coles Online           Hawthorn East Au,50.1,
22/08/2022,Shopback Australia     Sydney        Au,15,
22/08/2022,Shopback Australia     Sydney        Au,500,
22/08/2022,Transportfornsw Opal   Chippendale   Au,10,
18/08/2022,Sp Flare Discounts     Millers Point Au,475,
18/08/2022,Sp Flare Discounts     Millers Point Au,475,
18/08/2022,Shopback Australia     Sydney        Au,50,
18/08/2022,Shopback Australia     Sydney        Au,416.37,
18/08/2022,Shopback Australia     Sydney        Au,250,
17/08/2022,Sp Flare Discounts     Millers Point Au,142.5,
17/08/2022,Lego Australia Pty Ltd Sydney        Au,203.98,
16/08/2022,Sp Flare Discounts     Millers Point Au,190,
16/08/2022,Sp Flare Discounts     Millers Point Au,95,
16/08/2022,Sp Flare Discounts     Millers Point Au,95,
15/08/2022,Allianzwgiinsuranc     Sydney        Au,79.6,
15/08/2022,Ebay O*04-08978-84559  Sydney        Au,14.34,
15/08/2022,Ebay O*04-08978-84558  Sydney        Au,0.66,
15/08/2022,Lego Australia Pty Ltd Sydney        Au,299.99,
15/08/2022,Lego Australia Pty Ltd Sydney        Au,149.99,
15/08/2022,Market Place Henlee    Burwood       Au,36.86,
12/08/2022,Payment - Autopay,,4546.94
12/08/2022,Toymate                Bankstown     Au,7.08,
11/08/2022,Transportfornsw Opal   Chippendale   Au,,20
10/08/2022,Woolworths/Centro Lady Bankstown     Au,500,
10/08/2022,Woolworths/Centro Lady Bankstown     Au,500,
8/08/2022,Transportfornsw Opal   Chippendale   Au,5,
8/08/2022,Bunnings 409000        Greenacre     Au,136,
8/08/2022,Bunnings 423000        Bankstown     Au,54.52,
5/08/2022,Allianzwgiinsuranc     Sydney        Au,156.06,
4/08/2022,Sp Flare Discounts     Millers Point Au,194,
4/08/2022,Digital Rewards        Melbourne     Au,30,
4/08/2022,Digital Rewards        Melbourne     Au,30,
3/08/2022,Sp Flare Discounts     Millers Point Au,582,
1/08/2022,Sp Flare Discounts     Millers Point Au,388,
29/07/2022,Zippay P280853115      Zip.Co        Au,41.24,
25/07/2022,Ebay O*26-08884-12076  Sydney        Au,9.78,
21/07/2022,Lego Australia Pty Ltd Sydney        Au,219.98,
21/07/2022,Lego Australia Pty Ltd Sydney        Au,209.97,
21/07/2022,Lego Australia Pty Ltd Sydney        Au,218.94,
21/07/2022,Lego Australia Pty Ltd Sydney        Au,219.97,
21/07/2022,Lego Australia Pty Ltd Sydney        Au,225.94,
21/07/2022,Lego Australia Pty Ltd Sydney        Au,209.97,
20/07/2022,Lego Australia Pty Ltd Sydney        Au,209.97,
18/07/2022,Ebay O*12-08872-09901  Sydney        Au,50,
15/07/2022,Zippay* P276280632     Sydney        Au,9.43,
14/07/2022,Payment - Autopay,,5685.07
14/07/2022,Allianzwgiinsuranc     Sydney        Au,79.6,
13/07/2022,Sp Flare Discounts     Millers Point Au,485,
11/07/2022,Sp Flare Discounts     Millers Point Au,485,
11/07/2022,Sp Flare Discounts     Millers Point Au,194,
11/07/2022,Sp Flare Discounts     Millers Point Au,194,
11/07/2022,Sp Flare Discounts     Millers Point Au,194,
11/07/2022,Sp Flare Discounts     Millers Point Au,194,
11/07/2022,Sp Flare Discounts     Millers Point Au,485,
7/07/2022,Eb Games               Burwood       Au,0.8,
7/07/2022,Lego Australia Pty Ltd Sydney        Au,217.96,
5/07/2022,Allianzwgiinsuranc     Sydney        Au,156.06,
4/07/2022,Transportfornsw Opal   Chippendale   Au,5,
4/07/2022,Sp Flare Discounts     Millers Point Au,190,
1/07/2022,Zippay* P269585037     Sydney        Au,10.75,
28/06/2022,Shopback Australia     Sydney        Au,100,
28/06/2022,Bunnings 423000        Bankstown     Au,40.86,
27/06/2022,Ebay O*17-08784-04227  Sydney        Au,30.05,
27/06/2022,Digital Rewards        Melbourne     Au,30,
27/06/2022,Digital Rewards        Melbourne     Au,30,
24/06/2022,Lego Australia Pty Ltd Sydney        Au,210.97,
24/06/2022,Transportfornsw Opal   Chippendale   Au,5,
24/06/2022,Transportfornsw Opal   Chippendale   Au,10,
23/06/2022,Sp Flare Discounts     Millers Point Au,190,
22/06/2022,Digital Rewards        Melbourne     Au,30,
22/06/2022,Digital Rewards        Melbourne     Au,30,
22/06/2022,Transportfornsw Opal   Chippendale   Au,5,
20/06/2022,Lego Australia Pty Ltd Sydney        Au,211.96,
20/06/2022,Woolworths/Westfield B Burwood       Au,180,
20/06/2022,Coles 0861             Burwood       Au,472.5,
20/06/2022,Transportfornsw Opal   Chippendale   Au,20,
17/06/2022,Zippay P263954902      Sydney        Au,183.25,
17/06/2022,Shopback Australia     Sydney        Au,100,
16/06/2022,Sp Flare Discounts     Millers Point Au,190,
14/06/2022,Allianzwgiinsuranc     Sydney        Au,79.6,
13/06/2022,Payment - Autopay,,8058.06
13/06/2022,Transportfornsw Opal   Chippendale   Au,5,
13/06/2022,Transportfornsw Opal   Chippendale   Au,20,
10/06/2022,Digital Rewards        Melbourne     Au,50,
10/06/2022,Digital Rewards        Melbourne     Au,50,
10/06/2022,Costco Wholesale Aust  Lidcombe      Au,34.99,
9/06/2022,Transportfornsw Opal   Chippendale   Au,40,
8/06/2022,Phone/Internet Tfr From    0000484088811,,1000
7/06/2022,Ebay O*27-08711-21182  Sydney        Au,50,
7/06/2022,Ebay O*09-08712-52080  Sydney        Au,3.9,
7/06/2022,Costco Wholesale Aust  Lidcombe      Au,114.97,
7/06/2022,Costco Wholesale Aust  Lidcombe      Au,69.98,
7/06/2022,Costco Wholesale Aust  Lidcombe      Au,179.96,
7/06/2022,Costco Wholesale Aust  Lidcombe      Au,179.96,
7/06/2022,Costco Wholesale Aust  Lidcombe      Au,104.97,
7/06/2022,Costco Wholesale Aust  Lidcombe      Au,104.97,
6/06/2022,Allianzwgiinsuranc     Sydney        Au,156.06,
6/06/2022,Ebay O*09-08709-50206  Sydney        Au,70,
6/06/2022,Ebay O*17-08702-93278  Sydney        Au,14.5,
6/06/2022,Woolworths/Westfield B Burwood       Au,300,
6/06/2022,Sp Flare Discounts     Millers Point Au,485,
3/06/2022,Zippay P257557285      Sydney        Au,119.6,
2/06/2022,Transportfornsw Opal   Chippendale   Au,20,
1/06/2022,Phone/Internet Tfr From    0000484088811,,2000
30/05/2022,Ebay O*03-08686-83871  Sydney        Au,7,
30/05/2022,Ebay O*24-08688-71208  Sydney        Au,9,
30/05/2022,Ebay O*09-08678-03210  Sydney        Au,75,
30/05/2022,Kogan.Com 33Cwfn37     Melbourne     Au,10.85,
30/05/2022,Lego Australia Pty Ltd Sydney        Au,199.98,
30/05/2022,Transportfornsw Opal   Chippendale   Au,5,
30/05/2022,Sp Flare Discounts     Millers Point Au,72.75,
27/05/2022,Costco Wholesale Aust  Lidcombe      Au,249.9,
27/05/2022,Costco Wholesale Aust  Lidcombe      Au,84.99,
27/05/2022,Lego Australia Pty Ltd Sydney        Au,233.64,
27/05/2022,Ebay O*07-08672-35101  Sydney        Au,4.66,
27/05/2022,Transportfornsw Opal   Chippendale   Au,5,
26/05/2022,Pavel And Co           Sydney        Au,14.9,
26/05/2022,Transportfornsw Opal   Chippendale   Au,20,
25/05/2022,Lego Australia Pty Ltd Sydney        Au,29.99,
24/05/2022,0East Hils Gths 8187   Panania       Au,100,
23/05/2022,Sky Jin Pty Ltd        Auburn        Au,37.67,
23/05/2022,Wholefarms Pty Ltd     Milperra      Au,36.27,
23/05/2022,Lego Australia Pty Ltd Sydney        Au,199.91,
20/05/2022,Sp Flare Discounts     Millers Point Au,47.5,
20/05/2022,Zippay P251785886      Sydney        Au,38.4,
19/05/2022,Sp Flare Discounts     Millers Point Au,97,
19/05/2022,Sp Flare Discounts     Millers Point Au,194,
19/05/2022,Sp Flare Discounts     Millers Point Au,388,
19/05/2022,Sp Flare Discounts     Millers Point Au,97,
19/05/2022,Costco Wholesale Aust  Lidcombe      Au,699.95,
18/05/2022,Sp Flare Discounts     Millers Point Au,194,
18/05/2022,Sp Flare Discounts     Millers Point Au,237.5,
18/05/2022,Sp Flare Discounts     Millers Point Au,97,
18/05/2022,Sp Flare Discounts     Millers Point Au,485,
18/05/2022,Sp Flare Discounts     Millers Point Au,47.5,
18/05/2022,Sp Flare Discounts     Millers Point Au,237.5,
18/05/2022,Sp Flare Discounts     Millers Point Au,142.5,
18/05/2022,Sp Flare Discounts     Millers Point Au,95,
18/05/2022,Sp Flare Discounts     Millers Point Au,237.5,
18/05/2022,Sp Flare Discounts     Millers Point Au,95,
18/05/2022,Sp Flare Discounts     Millers Point Au,95,
18/05/2022,Sp Flare Discounts     Millers Point Au,950,
18/05/2022,Sp Flare Discounts     Millers Point Au,863,
18/05/2022,Sp Flare Discounts     Millers Point Au,960,
18/05/2022,Sp Flare Discounts     Millers Point Au,47.5,
18/05/2022,Costco Wholesale Aust  Lidcombe      Au,109.98,
17/05/2022,Phone/Internet Tfr From    0000484088811,,3000
17/05/2022,Phone/Internet Tfr From    0000484088811,,2000
17/05/2022,Sp Flare Discounts     Millers Point Au,194,
17/05/2022,Sp Flare Discounts     Millers Point Au,97,
17/05/2022,Sp Flare Discounts     Millers Point Au,190,
17/05/2022,Costco Wholesale Pty   Lidcombe      Au,9.97,
16/05/2022,Allianzwgiinsuranc     Sydney        Au,79.6,
16/05/2022,Sp Flare Discounts     Millers Point Au,97,
16/05/2022,Sp Flare Discounts     Millers Point Au,194,
16/05/2022,Sp Flare Discounts     Millers Point Au,97,
16/05/2022,Sp Flare Discounts     Millers Point Au,47.5,
16/05/2022,Sp Flare Discounts     Millers Point Au,190,
16/05/2022,Lego Australia Pty Ltd Sydney        Au,229.47,
16/05/2022,Lego Australia Pty Ltd Sydney        Au,229.47,
16/05/2022,Lego Australia Pty Ltd Sydney        Au,229.47,
13/05/2022,Payment - Autopay,,4993.03
13/05/2022,Sp Flare Discounts     Millers Point Au,145.5,
13/05/2022,Sp Flare Discounts     Millers Point Au,95,
13/05/2022,Sp Flare Discounts     Millers Point Au,194,
13/05/2022,Sp Flare Discounts     Millers Point Au,194,
13/05/2022,Sp Flare Discounts     Millers Point Au,95,
13/05/2022,Sp Flare Discounts     Millers Point Au,48.5,
13/05/2022,Sp Flare Discounts     Millers Point Au,380,
13/05/2022,Sp Flare Discounts     Millers Point Au,190,
13/05/2022,Sp Flare Discounts     Millers Point Au,97,
13/05/2022,Sp Flare Discounts     Millers Point Au,194,
13/05/2022,Sp Flare Discounts     Millers Point Au,194,
13/05/2022,Sp Flare Discounts     Millers Point Au,475,
13/05/2022,Sp Flare Discounts     Millers Point Au,475,
13/05/2022,Costco Wholesale Aust  Lidcombe      Au,169.98,
13/05/2022,Lego Australia Pty Ltd Sydney        Au,239.65,
12/05/2022,Phone/Internet Tfr From    0000484088811,,1000
12/05/2022,Costco Wholesale Aust  Lidcombe      Au,339.9,
12/05/2022,Lego Australia Pty Ltd Sydney        Au,232.12,
11/05/2022,Sp Flare Discounts     Millers Point Au,97,
11/05/2022,Sp Flare Discounts     Millers Point Au,97,
11/05/2022,Transportfornsw Opal   Chippendale   Au,5,
10/05/2022,Sp Flare Discounts     Millers Point Au,97,
10/05/2022,Costco Wholesale Aust  Lidcombe      Au,109.98,
10/05/2022,Costco Wholesale Aust  Lidcombe      Au,109.98,
9/05/2022,Lego Australia Pty Ltd Sydney        Au,239.65,
9/05/2022,Sp Flare Discounts     Millers Point Au,97,
6/05/2022,Sp Flare Discounts     Millers Point Au,97,
6/05/2022,Sp Flare Discounts     Millers Point Au,97,
6/05/2022,Zippay P246613263      Sydney        Au,34.42,
6/05/2022,Sp Flare Discounts     Millers Point Au,194,
6/05/2022,Sp Flare Discounts     Millers Point Au,145.5,
6/05/2022,Sp Flare Discounts     Millers Point Au,194,
5/05/2022,Phone/Internet Tfr From    0000484088811,,2000
5/05/2022,Allianzwgiinsuranc     Sydney        Au,156.06,
5/05/2022,Sp Flare Discounts     Millers Point Au,97,
5/05/2022,Sp Flare Discounts     Millers Point Au,48.5,
5/05/2022,Sp Flare Discounts     Millers Point Au,48.5,
5/05/2022,Sp Flare Discounts     Millers Point Au,194,
4/05/2022,Sp Flare Discounts     Millers Point Au,97,
4/05/2022,Ebay O*21-08576-44704  Sydney        Au,15,
2/05/2022,Phone/Internet Tfr From    0000484088811,,1000
2/05/2022,Lindt Marsden Park     Marsden Park  Au,47.5,
29/04/2022,Phone/Internet Tfr From    0000484088811,,1000
29/04/2022,Sp Flare Discounts     Millers Point Au,95,
28/04/2022,Sp Flare Discounts     Millers Point Au,97,
28/04/2022,Sp Flare Discounts     Millers Point Au,194,
28/04/2022,Sp Flare Discounts     Millers Point Au,679,
28/04/2022,Sp Flare Discounts     Millers Point Au,48.5,
28/04/2022,Sp Flare Discounts     Millers Point Au,97,
28/04/2022,Sp Flare Discounts     Millers Point Au,97,
28/04/2022,Sp Flare Discounts     Millers Point Au,97,
28/04/2022,Sp Flare Discounts     Millers Point Au,97,
27/04/2022,Phone/Internet Tfr From    0000484088811,,2000
26/04/2022,Sp Flare Discounts     Millers Point Au,72.75,
26/04/2022,Ebay O*12-08549-56227  Sydney        Au,10,
26/04/2022,Sp Flare Discounts     Millers Point Au,194,
26/04/2022,Sp Flare Discounts     Millers Point Au,142.5,
26/04/2022,Sp Flare Discounts     Millers Point Au,285,
22/04/2022,Phone/Internet Tfr From    0000484088811,,1000
22/04/2022,Zippay P240970077      Sydney        Au,10.75,
22/04/2022,Lego Australia Pty Ltd Sydney        Au,185.95,
22/04/2022,Lego Australia Pty Ltd Sydney        Au,182.94,
22/04/2022,Costco Wholesale Pty   Lidcombe      Au,84.01,
21/04/2022,Sp Flare Discounts     Millers Point Au,142.5,
21/04/2022,Ambadell Pty Ltd       Sydney        Au,20,
21/04/2022,Haidilao Darling Squar Haymarket     Au,57.6,
20/04/2022,Sp Flare Discounts     Millers Point Au,95,
20/04/2022,7-Eleven 2226          Greenacre     Au,74.96,
19/04/2022,Daiso Burwood          Burwood       Au,15.3,
19/04/2022,Fresh Asiana Lidcomb   Lidcombe      Au,46.39,
19/04/2022,Ebay O*09-08516-51461  Sydney        Au,21.71,
19/04/2022,Digital Rewards        Melbourne     Au,30,
19/04/2022,Digital Rewards        Melbourne     Au,30,
14/04/2022,Payment - Autopay,,772.37
14/04/2022,Westpac General Ins    Sydney        Au,69.87,
14/04/2022,Lego Australia Pty Ltd Sydney        Au,169.99,
14/04/2022,Lego Australia Pty Ltd Sydney        Au,169.99,
14/04/2022,Lego Australia Pty Ltd Sydney        Au,169.99,
13/04/2022,Sp Flare Discounts     Millers Point Au,48.5,
12/04/2022,Prezzee/Au330594E3     Sydney        Au,150,
11/04/2022,Ecommerce Cashback Off Sydney        Au,,4.8
11/04/2022,Metro Ptrl Bnkstwn S   Bankstown     Au,75.95,
11/04/2022,Phone/Internet Tfr From    0000484088811,,2000
11/04/2022,Sp * Flare Discounts   Millers Point Au,194,
11/04/2022,Sp * Flare Discounts   Millers Point Au,475,
11/04/2022,Sp * Flare Discounts   Millers Point Au,388,
11/04/2022,Sp * Flare Discounts   Millers Point Au,485,
11/04/2022,Ebay O*11-08484-97251  Sydney        Au,406,
11/04/2022,Sp * Flare Discounts   Millers Point Au,485,
8/04/2022,Phone/Internet Tfr From    0000484088811,,1000
8/04/2022,Ecommerce Cashback Off Sydney        Au,,2.37
8/04/2022,Sp * Flare Discounts   Millers Point Au,97,
8/04/2022,Sp * Flare Discounts   Millers Point Au,97,
8/04/2022,Sp * Flare Discounts   Millers Point Au,72.75,
8/04/2022,Sp * Flare Discounts   Millers Point Au,72.75,
8/04/2022,Sp * Flare Discounts   Millers Point Au,72.75,
8/04/2022,Sp * Flare Discounts   Millers Point Au,72.75,
8/04/2022,Sp * Flare Discounts   Millers Point Au,97,
8/04/2022,Sp * Flare Discounts   Millers Point Au,97,
8/04/2022,Sp * Flare Discounts   Millers Point Au,97,
8/04/2022,Sp * Flare Discounts   Millers Point Au,95,
8/04/2022,Sp * Flare Discounts   Millers Point Au,475,
8/04/2022,Sp * Flare Discounts   Millers Point Au,570,
8/04/2022,Zippay Ps235690313     Zip.Co        Au,46.43,
8/04/2022,Sp * Flare Discounts   Millers Point Au,475,
7/04/2022,Phone/Internet Tfr From    0000484088811,,2000
7/04/2022,Allianzwgiinsuranc     Sydney        Au,156.06,
7/04/2022,Sp * Flare Discounts   Millers Point Au,97,
7/04/2022,Sp * Flare Discounts   Millers Point Au,145.5,
7/04/2022,Transportfornsw Opal   Chippendale   Au,10,
6/04/2022,Ebay O*17-08469-48252  Sydney        Au,79,
4/04/2022,Phone/Internet Tfr From    0000484088811,,1000
4/04/2022,Mcdonalds Burwood      Burwood       Au,1,
4/04/2022,Sp * Flare Discounts   Millers Point Au,194,
4/04/2022,Sp * Flare Discounts   Millers Point Au,194,
4/04/2022,Sp * Flare Discounts   Millers Point Au,194,
4/04/2022,Sp * Flare Discounts   Millers Point Au,190,
4/04/2022,Sp * Flare Discounts   Millers Point Au,97,
4/04/2022,Digital Rewards        Melbourne     Au,30,
4/04/2022,Digital Rewards        Melbourne     Au,30,
4/04/2022,Astron Petroleum Yag   Yagoona       Au,50,
4/04/2022,Zone Bowling           Villawood     Au,10,
4/04/2022,Sp * Flare Discounts   Millers Point Au,194,
1/04/2022,Costco Wholesale Aust  Lidcombe      Au,353.97,
31/03/2022,Target 5219            Merrylands    Au,148,
31/03/2022,7-Eleven 2181          Bankstown     Au,81.44,
30/03/2022,Phone/Internet Tfr From    0000484088811,,1000
30/03/2022,Bunnings 493000        Padstow       Au,,200
30/03/2022,7-Eleven 2181          Bankstown     Au,15.05,
29/03/2022,Bunnings 493000        Padstow       Au,270,
28/03/2022,Daiso Industries (Au   Lidcombe      Au,15.5,
28/03/2022,Fresh Asiana Lidcomb   Lidcombe      Au,43.7,
28/03/2022,Altra Nursery Pty Lt   Peakhurst     Au,44.85,
28/03/2022,Costco Wholesale Pty   Lidcombe      Au,220.45,
28/03/2022,Sp * Flare Discounts   Millers Point Au,145.5,
28/03/2022,Sp * Flare Discounts   Millers Point Au,72.75,
28/03/2022,Lego Australia Pty Ltd Sydney        Au,161.76,
28/03/2022,Transportfornsw Opal   Chippendale   Au,5,
28/03/2022,Costco Wholesale Aust  Lidcombe      Au,999.95,
25/03/2022,Sp * Flare Discounts   Millers Point Au,194,
24/03/2022,Zippay P230188254      Sydney        Au,350,
24/03/2022,Sp * Flare Discounts   Millers Point Au,388,
23/03/2022,Sp * Flare Discounts   Millers Point Au,97,
23/03/2022,Lego Australia Pty Ltd Sydney        Au,169.99,
22/03/2022,Lego Australia Pty Ltd Sydney        Au,169.99,
21/03/2022,Ecommerce Cashback Off Sydney        Au,,0.15
21/03/2022,Sp * Flare Discounts   Millers Point Au,194,
21/03/2022,Med*Aldimobile         Chatswood     Au,99,
21/03/2022,Sp * Flare Discounts   Millers Point Au,1358,
21/03/2022,Sp * Flare Discounts   Millers Point Au,194,
21/03/2022,Ebay O*25-08393-02568  Sydney        Au,5,
20/03/2022,Interest Charges - Cash,0.89,
18/03/2022,Sp * Flare Discounts   Millers Point Au,97,
18/03/2022,Ecommerce Cashback Off Sydney        Au,,0.62
18/03/2022,Ebay O*24-08281-75719  Sydney        Au,,5
18/03/2022,Sp * Flare Discounts   Millers Point Au,291,
17/03/2022,Payment - Autopay,,4748.25
17/03/2022,Sp * Flare Discounts   Millers Point Au,97,
16/03/2022,Ebay O*20-08382-33264  Sydney        Au,20.6,
14/03/2022,Westpac General Ins    Sydney        Au,69.87,
14/03/2022,Ecommerce Cashback Off Sydney        Au,,21.12
14/03/2022,Ecommerce Cashback Off Sydney        Au,,0.29
14/03/2022,Ecommerce Cashback Off Sydney        Au,,0.18
14/03/2022,Ebay O*05-08365-87452  Sydney        Au,,9.5
14/03/2022,Ecommerce Cashback Off Sydney        Au,,0.47
11/03/2022,Ebay O*04-08364-60819  Sydney        Au,,5.92
11/03/2022,Ebay O*15-08361-93842  Sydney        Au,,703.99
11/03/2022,Sp * Flare Discounts   Millers Point Au,288,
11/03/2022,Sp * Flare Discounts   Millers Point Au,145.5,
11/03/2022,Ebay O*05-08365-87452  Sydney        Au,9.5,
11/03/2022,Ebay O*04-08364-60819  Sydney        Au,5.92,
11/03/2022,Ebay O*15-08361-93842  Sydney        Au,703.99,
10/03/2022,Phone/Internet Tfr From    0000484088811,,2000
10/03/2022,Sp * Flare Discounts   Millers Point Au,485,
10/03/2022,Sp * Flare Discounts   Millers Point Au,485,
10/03/2022,Sp * Flare Discounts   Millers Point Au,485,
10/03/2022,Sp * Flare Discounts   Millers Point Au,970,
10/03/2022,Sp * Flare Discounts   Millers Point Au,194,
10/03/2022,Sp * Flare Discounts   Millers Point Au,97,
10/03/2022,Sp * Flare Discounts   Millers Point Au,194,
9/03/2022,Sp * Flare Discounts   Millers Point Au,970,
9/03/2022,Ebay O*15-08353-28066  Sydney        Au,15.8,
7/03/2022,Westpac General Ins    Sydney        Au,138.94,
7/03/2022,Costco Wholesale Pty   Lidcombe      Au,,249.96
7/03/2022,Sp * Flare Discounts   Millers Point Au,485,
7/03/2022,Louis Valentino Porc   Greenacre     Au,11.13,
7/03/2022,Costco Wholesale Aust  Lidcombe      Au,189.98,
7/03/2022,Costco Wholesale Aust  Lidcombe      Au,164.97,
4/03/2022,Qbe Insurance          Sydney        Au,429.2,
4/03/2022,Sp * Flare Discounts   Millers Point Au,48.5,
3/03/2022,Sp * Flare Discounts   Millers Point Au,97,
3/03/2022,Sp * Flare Discounts   Millers Point Au,485,
3/03/2022,Sp * Flare Discounts   Millers Point Au,485,
25/02/2022,Sp * Flare Discounts   Millers Point Au,485,
24/02/2022,Cash Advance Fee,0.6,
24/02/2022,Cash Advance Fee,1.5,
24/02/2022,Paypal *Tattsonline    4029357733    Au,20,
24/02/2022,Paypal *Tattsonline    4029357733    Au,50,
23/02/2022,Ebay O*07-08296-28170  Sydney        Au,10,
23/02/2022,Ebay O*14-08294-56749  Sydney        Au,15,
23/02/2022,Ebay O*18-08293-51104  Sydney        Au,20,
22/02/2022,Bankstown Fresh Food   Bankstown     Au,14.7,
18/02/2022,Sp * Flare Discounts   Millers Point Au,48.5,
17/02/2022,Ebay O*24-08281-75719  Sydney        Au,5,
17/02/2022,Ebay O*21-08268-12844  Sydney        Au,15,
16/02/2022,Ebay O*17-08267-79380  Sydney        Au,3.58,
15/02/2022,Louis Valentino Porc   Greenacre     Au,35.6,
14/02/2022,Payment - Autopay,,7468
14/02/2022,Westpac General Ins    Sydney        Au,69.87,
11/02/2022,Louis Valentino Porc   Greenacre     Au,69.79,
10/02/2022,Zippay* Ps217031881    Sydney        Au,27.18,
10/02/2022,Sp * Flare Discounts   Millers Point Au,48,
9/02/2022,Sp * Flare Discounts   Millers Point Au,72.75,
8/02/2022,Sp * Flare Discounts   Millers Point Au,485,
8/02/2022,Sp * Flare Discounts   Millers Point Au,388,
8/02/2022,Sp * Flare Discounts   Millers Point Au,485,
7/02/2022,Westpac General Ins    Sydney        Au,138.94,
3/02/2022,Bunnings 493000        Padstow       Au,270,
1/02/2022,Sp * Flare Discounts   Millers Point Au,95,
1/02/2022,Lego Australia Pty Ltd Sydney        Au,204.9,
31/01/2022,Nrma                   Sydney        Au,,43.12
28/01/2022,Nrma                   Sydney        Au,,1265.8
28/01/2022,Nrma Wns               Sydney        Au,1269.52,
28/01/2022,Zippay* Ps212277416    Sydney        Au,3.4,
27/01/2022,Nrma Bnt               Brisbane      Au,1265.8,
27/01/2022,Nrma Bnt               Brisbane      Au,1732.51,
25/01/2022,Sp * Flare Discounts   Millers Point Au,485,
24/01/2022,Prezzee/Au6F3Bf5Bf     Sydney        Au,100,
24/01/2022,Chemist Warehouse      Bankstown     Au,11.9,
19/01/2022,Sp * Flare Discounts   Millers Point Au,242.5,
19/01/2022,Sp * Flare Discounts   Millers Point Au,97,
19/01/2022,Your Discount Chem     Greenacre     Au,145.94,
19/01/2022,Your Discount Chem     Greenacre     Au,144.49,
19/01/2022,Sp * Flare Discounts   Millers Point Au,97,
18/01/2022,Lego Australia Pty Ltd Sydney        Au,170,
18/01/2022,Lego Australia Pty Ltd Sydney        Au,12.6,
18/01/2022,Lego Australia Pty Ltd Sydney        Au,173.44,
18/01/2022,Lego Australia Pty Ltd Sydney        Au,12.54,
18/01/2022,Lego Australia Pty Ltd Sydney        Au,173.44,
18/01/2022,Lego Australia Pty Ltd Sydney        Au,173.44,
18/01/2022,Lego Australia Pty Ltd Sydney        Au,173.44,
18/01/2022,Lego Australia Pty Ltd Sydney        Au,173.44,
18/01/2022,Lego Australia Pty Ltd Sydney        Au,170,
18/01/2022,Lego Australia Pty Ltd Sydney        Au,173.44,
18/01/2022,Lego Australia Pty Ltd Sydney        Au,173.44,
18/01/2022,Lego Australia Pty Ltd Sydney        Au,173.44,
18/01/2022,Lego Australia Pty Ltd Sydney        Au,173.44,
17/01/2022,Sp * Flare Discounts   Millers Point Au,672,
17/01/2022,Costco Wholesale Pty   Lidcombe      Au,63.94,
17/01/2022,Lego Australia Pty Ltd Sydney        Au,172.77,
17/01/2022,Lego Australia Pty Ltd Sydney        Au,176.25,
17/01/2022,Costco Wholesale Aust  Lidcombe      Au,229.98,
14/01/2022,Westpac General Ins    Sydney        Au,69.87,
14/01/2022,Atomy Oceania          Mount Waverle Au,57.5,
14/01/2022,Tile Factory Outlet    Smithfield    Au,982.08,
13/01/2022,Payment - Autopay,,6575.06
13/01/2022,Phone/Internet Tfr From    0000484088811,,1000
13/01/2022,Zippay* Ps208690009    Sydney        Au,68.85,
13/01/2022,Hume Plasterboard Pty  Yennora       Au,303.92,
12/01/2022,Sand 4 U Supplies Pt   Sefton        Au,102.5,
11/01/2022,Phone/Internet Tfr From    0000484088811,,3000
11/01/2022,Sp * Flare Discounts   Millers Point Au,97,
5/01/2022,Westpac General Ins    Sydney        Au,138.94,
4/01/2022,Lego Australia Pty Ltd Sydney        Au,158.78,
4/01/2022,Lego Australia Pty Ltd Sydney        Au,160.9,
4/01/2022,Lego Australia Pty Ltd Sydney        Au,174.9,
4/01/2022,Lego Australia Pty Ltd Sydney        Au,216.8,
4/01/2022,Lego Australia Pty Ltd Sydney        Au,167.85,
31/12/2021,Ebay O*22-07939-62489  Sydney        Au,,3.96
30/12/2021,Zippay* Ps204400966    Sydney        Au,34.55,
29/12/2021,Bcf Australia          Bankstown     Au,1.99,
29/12/2021,Costco Wholesale Aust  Lidcombe      Au,249.96,
24/12/2021,Sp * Flare Discounts   Millers Point Au,194,
23/12/2021,Digital Rewards        Melbourne     Au,50,
23/12/2021,Digital Rewards        Melbourne     Au,50,
23/12/2021,Sp * Flare Discounts   Millers Point Au,97,
23/12/2021,Costco Wholesale Aust  Lidcombe      Au,369.98,
21/12/2021,Costco Wholesale Pty   Lidcombe      Au,56.55,
20/12/2021,Shinnyo En Australia   Lane Cove     Au,39,
20/12/2021,Sp * Flare Discounts   Millers Point Au,388,
17/12/2021,Sp * Flare Discounts   Millers Point Au,388,
17/12/2021,Sp * Flare Discounts   Millers Point Au,97,
17/12/2021,Sp * Flare Discounts   Millers Point Au,97,
17/12/2021,Sp * Flare Discounts   Millers Point Au,97,
17/12/2021,Sp * Flare Discounts   Millers Point Au,970,
17/12/2021,Sp * Flare Discounts   Millers Point Au,485,
16/12/2021,Latitude Australia P   Sydney        Au,5.08,
16/12/2021,Zippay* Ps200905553    Bondi Junctio Au,33.9,
14/12/2021,Westpac General Ins    Sydney        Au,69.87,
13/12/2021,Payment - Autopay,,5847.45
13/12/2021,Rongwang Pty Ltd       Hurstville    Au,13.25,
13/12/2021,Sp * Flare Discounts   Millers Point Au,194,
9/12/2021,Latitude Australia P   Sydney        Au,5.08,
9/12/2021,Lego Australia Pty Ltd Sydney        Au,129.99,
8/12/2021,Sp * Flare Discounts   Millers Point Au,485,
8/12/2021,Sp * Flare Discounts   Millers Point Au,485,
8/12/2021,Sp * Flare Discounts   Millers Point Au,242.5,
8/12/2021,Sp * Flare Discounts   Millers Point Au,194,
8/12/2021,Sp * Flare Discounts   Millers Point Au,485,
8/12/2021,Sp * Flare Discounts   Millers Point Au,485,
8/12/2021,Sp * Flare Discounts   Millers Point Au,194,
8/12/2021,Sp * Flare Discounts   Millers Point Au,169.75,
8/12/2021,Lego Australia Pty Ltd Sydney        Au,99.99,
7/12/2021,Digital Rewards        Melbourne     Au,50,
7/12/2021,Digital Rewards        Melbourne     Au,50,
7/12/2021,Costco Wholesale Aust  Lidcombe      Au,39.88,
6/12/2021,Westpac General Ins    Sydney        Au,138.94,
6/12/2021,Sp * Flare Discounts   Millers Point Au,388,
6/12/2021,Sp * Flare Discounts   Millers Point Au,485,
3/12/2021,Sp * Flare Discounts   Millers Point Au,679,
2/12/2021,Latitude Australia P   Sydney        Au,5.08,
2/12/2021,Zippay* Ps196800428    Bondi Junctio Au,8.97,
1/12/2021,Ebay O*22-07939-62489  Sydney        Au,3.96,
1/12/2021,Lego Australia Pty Ltd Sydney        Au,235.96,
1/12/2021,Lego Australia Pty Ltd Sydney        Au,235.9,
29/11/2021,Always Smiles Lsp Pty  Bankstown     Au,34,
29/11/2021,Zippay P195682548 Sydn Sydney        Au,519.69,
26/11/2021,Sp * Flare Discounts   Millers Point Au,194,
25/11/2021,Sp * Flare Discounts   Millers Point Au,218.25,
25/11/2021,Latitude Australia P   Sydney        Au,5.08,
25/11/2021,Sp * Flare Discounts   Millers Point Au,339.5,
25/11/2021,Lego Australia Pty Ltd Sydney        Au,311.84,
25/11/2021,Lego Australia Pty Ltd Sydney        Au,311.86,
25/11/2021,Lego Australia Pty Ltd Sydney        Au,278.89,
25/11/2021,Lego Australia Pty Ltd Sydney        Au,315.91,
22/11/2021,Costco Wholesale Aust  Lidcombe      Au,99.97,
22/11/2021,Costco Wholesale Aust  Lidcombe      Au,99.97,
19/11/2021,Digital Rewards        Melbourne     Au,50,
19/11/2021,Digital Rewards        Melbourne     Au,50,
18/11/2021,Latitude Australia P   Sydney        Au,5.08,
17/11/2021,Zippay* Ps192908833    Bondi Junctio Au,11.5,
17/11/2021,Costco Wholesale Aust  Lidcombe      Au,49.97,
16/11/2021,Ebay O*05-07874-50207  Sydney        Au,17.86,
16/11/2021,Ebay O*10-07872-91054  Sydney        Au,69.71,
15/11/2021,Westpac General Ins    Sydney        Au,69.87,
15/11/2021,Sp * Flare Discounts   Millers Point Au,97,
15/11/2021,Sp * Flare Discounts   Millers Point Au,24.25,
15/11/2021,Ebest Pty Ltd          Chullora      Au,,1
15/11/2021,Ebest Pty Ltd          Chullora      Au,32.41,
12/11/2021,Payment - Autopay,,8350.37
12/11/2021,Costco Wholesale Aust  Lidcombe      Au,169.98,
11/11/2021,Latitude Australia P   Sydney        Au,5.08,
11/11/2021,Costco Wholesale Aust  Lidcombe      Au,899.9,
10/11/2021,Phone/Internet Tfr From    0000484088811,,1000
8/11/2021,Lego Australia Pty Ltd Sydney        Au,159.99,
5/11/2021,Westpac General Ins    Sydney        Au,138.94,
5/11/2021,Costco Wholesale Aust  Lidcombe      Au,649.9,
4/11/2021,Latitude Australia P   Sydney        Au,5.08,
28/10/2021,Phone/Internet Tfr From    0000484088811,,1000
28/10/2021,Zippay P187592798 Sydn Sydney        Au,258.88,
28/10/2021,Latitude Australia P   Sydney        Au,5.08,
28/10/2021,Lego Australia Pty Ltd Sydney        Au,199.95,
28/10/2021,Lego Australia Pty Ltd Sydney        Au,199.95,
28/10/2021,Lego Australia Pty Ltd Sydney        Au,204.93,
28/10/2021,Lego Australia Pty Ltd Sydney        Au,199.92,
28/10/2021,Lego Australia Pty Ltd Sydney        Au,199.95,
28/10/2021,Lego Australia Pty Ltd Sydney        Au,199.95,
28/10/2021,Lego Australia Pty Ltd Sydney        Au,199.95,
25/10/2021,Phone/Internet Tfr From    0000484088811,,2000
25/10/2021,Zippay P186736433 Sydn Sydney        Au,550,
25/10/2021,Kfc Campsie            Campsie       Au,9.9,
21/10/2021,Sp * Flare Discounts   Millers Point Au,48.5,
21/10/2021,Zippay P185948487 Sydn Sydney        Au,350,
21/10/2021,Latitude Australia P   Sydney        Au,5.08,
21/10/2021,Lego Australia Pty Ltd Sydney        Au,159.99,
20/10/2021,Costco Online Shopping Lidcombe      Au,649.9,
18/10/2021,Phone/Internet Tfr From    0000484088811,,2000
18/10/2021,Zippay P185256283 Sydn Sydney        Au,1070,
18/10/2021,Family Mart Lidcombe   Lidcombe      Au,13.28,
18/10/2021,Zippay P185081005 Sydn Sydney        Au,1000,
18/10/2021,Phone/Internet Tfr From    0000484088811,,3000
18/10/2021,Zippay P184845693 Sydn Sydney        Au,1820,
18/10/2021,Zippay P184625672 Sydn Sydney        Au,1651.5,
15/10/2021,Mypost Business/Post     Melbourne   Au,25.04,
14/10/2021,Payment - Autopay,,792.26
14/10/2021,Phone/Internet Tfr From    0000484088811,,2000
14/10/2021,Westpac General Ins    Sydney        Au,69.87,
14/10/2021,Zippay P184239161 Sydn Sydney        Au,1620,
14/10/2021,Latitude Australia P   Sydney        Au,5.17,
13/10/2021,Phone/Internet Tfr From    0000484088811,,1000
13/10/2021,Zippay P184078553 Sydn Sydney        Au,1640,
13/10/2021,Sp * Flare Discounts   Millers Point Au,679,
13/10/2021,Zippay P183792482 Sydn Sydney        Au,507.75,
12/10/2021,Phone/Internet Tfr From    0000484088811,,3000
12/10/2021,Sp * Flare Discounts   Millers Point Au,475,
12/10/2021,Sp * Flare Discounts   Millers Point Au,970,
11/10/2021,Phone/Internet Tfr From    0000484088811,,2000
11/10/2021,Sp * Flare Discounts   Millers Point Au,97,
11/10/2021,Sp * Flare Discounts   Millers Point Au,475,
11/10/2021,Sp * Flare Discounts   Millers Point Au,48.5,
8/10/2021,Phone/Internet Tfr From    0000484088811,,1000
8/10/2021,Nintendo Australia Pty Scoresby      Au,255.7,
7/10/2021,Lego Australia Pty Ltd Sydney        Au,189.96,
7/10/2021,Lego Australia Pty Ltd Sydney        Au,189.96,
5/10/2021,Westpac General Ins    Sydney        Au,138.94,
4/10/2021,Ebest Pty Ltd          Chullora      Au,94.88,
4/10/2021,Sp * Flare Discounts   Millers Point Au,557.75,
4/10/2021,Sp * Flare Discounts   Millers Point Au,533.5,
4/10/2021,Sp * Flare Discounts   Millers Point Au,485,
4/10/2021,Sp * Flare Discounts   Millers Point Au,630.5,
1/10/2021,Phone/Internet Tfr From    0000484088811,,2000
1/10/2021,Sp * Flare Discounts   Millers Point Au,485,
1/10/2021,Sp * Flare Discounts   Millers Point Au,679,
29/09/2021,Ebest Pty Ltd          Chullora      Au,95.86,
28/09/2021,Nintendo Ca585781912   Scoresby      Au,20,
27/09/2021,Sp * Flare Discounts   Millers Point Au,48.5,
27/09/2021,Lego Australia Pty Ltd Sydney        Au,172.46,
20/09/2021,Sp * Flare Discounts   Millers Point Au,509.25,
20/09/2021,Sp * Flare Discounts   Millers Point Au,97,
17/09/2021,Sp * Flare Discounts   Millers Point Au,485,
16/09/2021,Sp * Flare Discounts   Millers Point Au,194,
16/09/2021,Sp * Flare Discounts   Millers Point Au,97,
16/09/2021,Sp * Flare Discounts   Millers Point Au,24.25,
16/09/2021,Sp * Flare Discounts   Millers Point Au,48.5,
16/09/2021,Sp * Flare Discounts   Millers Point Au,533.5,
16/09/2021,Sp * Flare Discounts   Millers Point Au,485,
16/09/2021,Sp * Flare Discounts   Millers Point Au,485,
16/09/2021,Sp * Flare Discounts   Millers Point Au,485,
15/09/2021,Latitude Australia P   Sydney        Au,5.3,
15/09/2021,Latitude Australia P   Sydney        Au,5.3,
15/09/2021,Sp * Flare Discounts   Millers Point Au,194,
15/09/2021,Ebest Pty Ltd          Chullora      Au,99.43,
15/09/2021,Lego Australia Pty Ltd Sydney        Au,169.99,
14/09/2021,Westpac General Ins    Sydney        Au,69.87,
13/09/2021,Payment - Autopay,,3110.86
13/09/2021,Digital Rewards        Melbourne     Au,30,
13/09/2021,Digital Rewards        Melbourne     Au,30,
13/09/2021,Sp * Flare Discounts   Millers Point Au,190,
13/09/2021,Sp * Flare Discounts   Millers Point Au,95,
10/09/2021,Klarna *Klarna         Sydney        Au,14.21,
10/09/2021,Klarna *Klarna         Sydney        Au,17.25,
9/09/2021,Phone/Internet Tfr From    0000484088811,,3000
9/09/2021,Sp * Flare Discounts   Millers Point Au,194,
9/09/2021,Zippay P175625165 Sydn Sydney        Au,304.95,
9/09/2021,Sp * Flare Discounts   Millers Point Au,950,
8/09/2021,Latitude Australia P   Sydney        Au,5.3,
8/09/2021,Latitude Australia P   Sydney        Au,5.3,
8/09/2021,Sp * Flare Discounts   Millers Point Au,1425,
8/09/2021,Sp * Flare Discounts   Millers Point Au,48.5,
6/09/2021,Westpac General Ins    Sydney        Au,138.94,
6/09/2021,Mypost Business/Post     Melbourne   Au,39.98,
1/09/2021,Latitude Australia P   Sydney        Au,5.3,
1/09/2021,Latitude Australia P   Sydney        Au,5.3,
30/08/2021,Latitude Australia P   Sydney        Au,4.8,
30/08/2021,Latitude Australia P   Sydney        Au,4.72,
30/08/2021,Latitude Australia P   Sydney        Au,4.8,
30/08/2021,Latitude Australia P   Sydney        Au,4.24,
30/08/2021,Latitude Australia P   Sydney        Au,4.24,
30/08/2021,Latitude Australia P   Sydney        Au,4.8,
30/08/2021,Latitude Australia P   Sydney        Au,4.8,
30/08/2021,Lego Australia Pty Ltd Sydney        Au,176.88,
27/08/2021,Nintendo Australia Pty Scoresby      Au,84.85,
27/08/2021,Klarna *Klarna         Sydney        Au,14.21,
27/08/2021,Klarna *Klarna         Sydney        Au,17.25,
26/08/2021,Lego Australia Pty Ltd Sydney        Au,182.42,
26/08/2021,Costco Online Shopping Lidcombe      Au,219.99,
25/08/2021,Latitude Australia P   Sydney        Au,5.3,
25/08/2021,Latitude Australia P   Sydney        Au,5.3,
25/08/2021,Costco Online Shopping Lidcombe      Au,419.98,
25/08/2021,Costco Online Shopping Lidcombe      Au,209.99,
23/08/2021,Latitude Australia P   Sydney        Au,4.8,
23/08/2021,Latitude Australia P   Sydney        Au,4.8,
23/08/2021,Latitude Australia P   Sydney        Au,4.24,
23/08/2021,Latitude Australia P   Sydney        Au,4.24,
23/08/2021,Latitude Australia P   Sydney        Au,4.8,
23/08/2021,Latitude Australia P   Sydney        Au,4.72,
23/08/2021,Latitude Australia P   Sydney        Au,4.8,
20/08/2021,Phone/Internet Tfr From    0000484088811,,3000
20/08/2021,Lego Australia Pty Ltd Sydney        Au,192.94,
20/08/2021,Lego Australia Pty Ltd Sydney        Au,15.99,
20/08/2021,Lego Australia Pty Ltd Sydney        Au,63.96,
20/08/2021,Lego Australia Pty Ltd Sydney        Au,195.92,
20/08/2021,Lego Australia Pty Ltd Sydney        Au,188.45,
20/08/2021,Lego Australia Pty Ltd Sydney        Au,203.94,
20/08/2021,Lego Australia Pty Ltd Sydney        Au,192.94,
20/08/2021,Lego Australia Pty Ltd Sydney        Au,15.99,
20/08/2021,Lego Australia Pty Ltd Sydney        Au,15.99,
19/08/2021,Sp * Flare Discounts   Millers Point Au,485,
19/08/2021,Sp * Flare Discounts   Millers Point Au,485,
19/08/2021,Sp * Flare Discounts   Millers Point Au,485,
19/08/2021,Sp * Flare Discounts   Millers Point Au,485,
19/08/2021,Sp * Flare Discounts   Millers Point Au,485,
18/08/2021,Latitude Australia P   Sydney        Au,5.3,
18/08/2021,Latitude Australia P   Sydney        Au,5.3,
18/08/2021,Lego Australia Pty Ltd Sydney        Au,189.91,
18/08/2021,Lego Australia Pty Ltd Sydney        Au,189.96,
17/08/2021,Lego Australia Pty Ltd Sydney        Au,174.93,
17/08/2021,Lego Australia Pty Ltd Sydney        Au,174.93,
17/08/2021,Lego Australia Pty Ltd Sydney        Au,179.91,
17/08/2021,Lego Australia Pty Ltd Sydney        Au,129.95,
16/08/2021,Westpac General Ins    Sydney        Au,69.87,
16/08/2021,Sp * Flare Discounts   Millers Point Au,194,
16/08/2021,Latitude Australia P   Sydney        Au,4.8,
16/08/2021,Latitude Australia P   Sydney        Au,4.72,
16/08/2021,Latitude Australia P   Sydney        Au,4.8,
16/08/2021,Latitude Australia P   Sydney        Au,4.24,
16/08/2021,Latitude Australia P   Sydney        Au,4.24,
16/08/2021,Latitude Australia P   Sydney        Au,4.8,
16/08/2021,Latitude Australia P   Sydney        Au,4.8,
16/08/2021,Cakemakers Sydney Pty  Greenacre     Au,26.9,
16/08/2021,Sp * Flare Discounts   Millers Point Au,194,
16/08/2021,Coles 5792             Greenacre     Au,250,
16/08/2021,Kp International       Chullora      Au,57.22,
13/08/2021,Digital Rewards        Melbourne     Au,30,
13/08/2021,Digital Rewards        Melbourne     Au,30,
12/08/2021,Payment - Autopay,,5006.3
12/08/2021,Zippay P168847587 Sydn Sydney        Au,45.97,
12/08/2021,Klarna *Klarna         Sydney        Au,17.25,
12/08/2021,Klarna *Klarna         Sydney        Au,14.21,
12/08/2021,Lego Australia Pty Ltd Sydney        Au,119.99,
11/08/2021,Latitude Australia P   Sydney        Au,5.3,
11/08/2021,Latitude Australia P   Sydney        Au,5.3,
11/08/2021,Ebay O*10-07451-69253  Sydney        Au,8.52,
10/08/2021,Sp * Flare Discounts   Millers Point Au,485,
10/08/2021,Ebay O*11-07446-67029  Sydney        Au,12.82,
9/08/2021,Latitude Australia P   Sydney        Au,4.8,
9/08/2021,Latitude Australia P   Sydney        Au,4.8,
9/08/2021,Latitude Australia P   Sydney        Au,4.24,
9/08/2021,Latitude Australia P   Sydney        Au,4.24,
9/08/2021,Latitude Australia P   Sydney        Au,4.8,
9/08/2021,Latitude Australia P   Sydney        Au,4.72,
9/08/2021,Latitude Australia P   Sydney        Au,4.8,
6/08/2021,Lego Australia Pty Ltd Sydney        Au,287.91,
5/08/2021,Westpac General Ins    Sydney        Au,138.94,
5/08/2021,Sp * Lor Barista       Gordon        Au,153.6,
5/08/2021,Doordash*Red Rooster   Melbourne     Au,20.25,
5/08/2021,Sp * Flare Discounts   Millers Point Au,194,
4/08/2021,Latitude Australia P   Sydney        Au,5.3,
4/08/2021,Latitude Australia P   Sydney        Au,5.3,
2/08/2021,Latitude Australia P   Sydney        Au,4.8,
2/08/2021,Latitude Australia P   Sydney        Au,4.72,
2/08/2021,Latitude Australia P   Sydney        Au,4.24,
2/08/2021,Latitude Australia P   Sydney        Au,4.24,
2/08/2021,Latitude Australia P   Sydney        Au,4.8,
2/08/2021,Latitude Australia P   Sydney        Au,4.8,
2/08/2021,Latitude Australia P   Sydney        Au,4.8,
2/08/2021,Sp * Flare Discounts   Millers Point Au,97,
2/08/2021,Costco Online Shopping Lidcombe      Au,99.99,
30/07/2021,Sp * Flare Discounts   Millers Point Au,485,
30/07/2021,Sp * Flare Discounts   Millers Point Au,970,
30/07/2021,Grouponau              Sydney        Au,16.5,
29/07/2021,Sp * Flare Discounts   Millers Point Au,485,
29/07/2021,Sp * Flare Discounts   Millers Point Au,485,
29/07/2021,Sp * Flare Discounts   Millers Point Au,970,
28/07/2021,Latitude Australia P   Sydney        Au,5.3,
28/07/2021,Latitude Australia P   Sydney        Au,5.3,
28/07/2021,Ebay O*24-07401-65916  Sydney        Au,7.39,
27/07/2021,Depreciator P/L        Sydney        Au,385,
26/07/2021,Latitude Australia P   Sydney        Au,4.8,
26/07/2021,Latitude Australia P   Sydney        Au,4.8,
26/07/2021,Latitude Australia P   Sydney        Au,4.24,
26/07/2021,Latitude Australia P   Sydney        Au,4.8,
26/07/2021,Latitude Australia P   Sydney        Au,4.24,
26/07/2021,Latitude Australia P   Sydney        Au,4.72,
26/07/2021,Latitude Australia P   Sydney        Au,4.8,
26/07/2021,Sp * Flare Discounts   Millers Point Au,48.5,
23/07/2021,Sp * Flare Discounts   Millers Point Au,48.5,
22/07/2021,Sp * Flare Discounts   Millers Point Au,485,
22/07/2021,Sp * Flare Discounts   Millers Point Au,194,
21/07/2021,Latitude Australia P   Sydney        Au,5.3,
21/07/2021,Latitude Australia P   Sydney        Au,5.3,
19/07/2021,Latitude Australia P   Sydney        Au,4.8,
19/07/2021,Latitude Australia P   Sydney        Au,4.72,
19/07/2021,Latitude Australia P   Sydney        Au,4.8,
19/07/2021,Latitude Australia P   Sydney        Au,4.24,
19/07/2021,Latitude Australia P   Sydney        Au,4.24,
19/07/2021,Latitude Australia P   Sydney        Au,4.8,
19/07/2021,Latitude Australia P   Sydney        Au,4.8,
19/07/2021,Bunnings 423000        Bankstown     Au,25.04,
19/07/2021,Bunnings 423000        Bankstown     Au,24.9,
19/07/2021,Sp * Flare Discounts   Millers Point Au,194,
19/07/2021,Sp * Flare Discounts   Millers Point Au,485,
15/07/2021,Payment - Autopay,,2581.97
15/07/2021,Zippay P161967021      Sydney        Au,3.96,
14/07/2021,Westpac General Ins    Sydney        Au,69.87,
14/07/2021,Sp * Flare Discounts   Millers Point Au,194,
14/07/2021,Latitude Australia P   Sydney        Au,5.3,
14/07/2021,Latitude Australia P   Sydney        Au,5.3,
14/07/2021,Sp * Flare Discounts   Millers Point Au,48.5,
14/07/2021,Costco Online Shopping Lidcombe      Au,99.97,
13/07/2021,Sp * Flare Discounts   Millers Point Au,97,
12/07/2021,Latitude Australia P   Sydney        Au,4.8,
12/07/2021,Latitude Australia P   Sydney        Au,4.8,
12/07/2021,Latitude Australia P   Sydney        Au,4.24,
12/07/2021,Latitude Australia P   Sydney        Au,4.8,
12/07/2021,Latitude Australia P   Sydney        Au,4.24,
12/07/2021,Latitude Australia P   Sydney        Au,4.8,
12/07/2021,Latitude Australia P   Sydney        Au,4.72,
12/07/2021,Sp * Flare Discounts   Millers Point Au,97,
12/07/2021,Sp * Flare Discounts   Millers Point Au,950,
12/07/2021,Sp * Flare Discounts   Millers Point Au,194,
12/07/2021,Sp * Flare Discounts   Millers Point Au,194,
12/07/2021,Sp * Flare Discounts   Millers Point Au,190,
5/07/2021,Westpac General Ins    Sydney        Au,138.94,
5/07/2021,Latitude Australia P   Sydney        Au,4.72,
5/07/2021,Latitude Australia P   Sydney        Au,4.8,
5/07/2021,Latitude Australia P   Sydney        Au,4.24,
5/07/2021,Latitude Australia P   Sydney        Au,4.8,
5/07/2021,Latitude Australia P   Sydney        Au,4.24,
5/07/2021,Latitude Australia P   Sydney        Au,4.8,
5/07/2021,Latitude Australia P   Sydney        Au,4.8,
5/07/2021,Sp * Flare Discounts   Millers Point Au,485,
2/07/2021,Photobook Shop         Reservoir     Au,9.95,
30/06/2021,Depreciator P/L        Sydney        Au,385,
30/06/2021,Sp * Flare Discounts   Millers Point Au,970,
28/06/2021,Latitude Australia P   Sydney        Au,38.16,
28/06/2021,Latitude Australia P   Sydney        Au,4.8,
28/06/2021,Latitude Australia P   Sydney        Au,4.8,
28/06/2021,Latitude Australia P   Sydney        Au,4.24,
28/06/2021,Latitude Australia P   Sydney        Au,26.4,
28/06/2021,Latitude Australia P   Sydney        Au,27.95,
28/06/2021,Latitude Australia P   Sydney        Au,23.68,
28/06/2021,Latitude Australia P   Sydney        Au,20.48,
28/06/2021,Latitude Australia P   Sydney        Au,20.48,
28/06/2021,Latitude Australia P   Sydney        Au,4.24,
28/06/2021,Latitude Australia P   Sydney        Au,4.24,
28/06/2021,Latitude Australia P   Sydney        Au,4.8,
28/06/2021,Latitude Australia P   Sydney        Au,4.72,
28/06/2021,Latitude Australia P   Sydney        Au,4.8,
28/06/2021,Bunnings 493000        Padstow       Au,,9.83
28/06/2021,Latitude Australia P   Sydney        Au,5.92,
28/06/2021,John R Turk            Bankstown     Au,,91.61
28/06/2021,Lego Australia Pty Ltd Sydney        Au,29.99,
28/06/2021,Mjselectricalsupplies  Fairfield     Au,31.84,
28/06/2021,John R Turk            Bankstown     Au,90.61,
28/06/2021,Bunnings 423000        Bankstown     Au,,25.28
28/06/2021,Bunnings 423000        Bankstown     Au,11.97,
25/06/2021,Bunnings 423000        Bankstown     Au,31.93,
24/06/2021,Latitude Australia P   Sydney        Au,5.12,
24/06/2021,Latitude Australia P   Sydney        Au,5.12,
23/06/2021,Latitude Australia P   Sydney        Au,5.28,
23/06/2021,Latitude Australia P   Sydney        Au,5.29,
23/06/2021,Ebay O*16-07239-73715  Sydney        Au,24,
21/06/2021,Latitude Australia P   Sydney        Au,5.59,
21/06/2021,Grouponau              Sydney        Au,1.57,
21/06/2021,Latitude Australia P   Sydney        Au,5.92,
21/06/2021,Shinnyo En Australia   Lane Cove     Au,30,
21/06/2021,Shinnyo En Australia   Lane Cove     Au,9,
21/06/2021,Qbe Insurance          Sydney        Au,437.49,
20/06/2021,Interest Charges - Cash,0.01,
18/06/2021,Ebay O*21-07218-67266  Sydney        Au,9.12,
18/06/2021,Transportfornsw Opal   Chippendale   Au,5,
18/06/2021,Transportfornsw Opal   Chippendale   Au,5,
17/06/2021,Latitude Australia P   Sydney        Au,5.12,
17/06/2021,Latitude Australia P   Sydney        Au,5.12,
17/06/2021,Zippay P154922511      Sydney        Au,59.36,
16/06/2021,Latitude Australia P   Sydney        Au,5.29,
16/06/2021,Latitude Australia P   Sydney        Au,5.28,
16/06/2021,Digital Rewards        Melbourne     Au,50,
16/06/2021,Digital Rewards        Melbourne     Au,50,
14/06/2021,Payment - Autopay,,2274.14
14/06/2021,Westpac General Ins    Sydney        Au,69.87,
14/06/2021,Latitude Australia P   Sydney        Au,5.59,
14/06/2021,Ebay O*17-07199-10770  Sydney        Au,100,
14/06/2021,Latitude Australia P   Sydney        Au,5.92,
14/06/2021,Lego Australia Pty Ltd Sydney        Au,44.99,
10/06/2021,Latitude Australia P   Sydney        Au,5.12,
10/06/2021,Latitude Australia P   Sydney        Au,5.12,
10/06/2021,Transportfornsw Opal   Chippendale   Au,5,
9/06/2021,Latitude Australia P   Sydney        Au,5.28,
9/06/2021,Latitude Australia P   Sydney        Au,5.29,
9/06/2021,Ebay O*15-07176-80341  Sydney        Au,4.42,
7/06/2021,Target Online          03            Au,,178.5
7/06/2021,Westpac General Ins    Sydney        Au,138.94,
7/06/2021,Target Online          03            Au,178.5,
7/06/2021,Latitude Australia P   Sydney        Au,5.59,
7/06/2021,Latitude Australia P   Sydney        Au,5.92,
7/06/2021,Transportfornsw Opal   Chippendale   Au,5,
3/06/2021,Latitude Australia P   Sydney        Au,5.12,
3/06/2021,Latitude Australia P   Sydney        Au,5.12,
3/06/2021,Zippay P151456469      Sydney        Au,72.9,
2/06/2021,Latitude Australia P   Sydney        Au,5.29,
2/06/2021,Latitude Australia P   Sydney        Au,5.28,
2/06/2021,Digital Rewards        Melbourne     Au,30,
2/06/2021,Costco Online Shopping Lidcombe      Au,449.9,
2/06/2021,Costco Online Shopping Lidcombe      Au,449.9,
1/06/2021,Digital Rewards        Melbourne     Au,30,
31/05/2021,Latitude Australia P   Sydney        Au,5.59,
31/05/2021,Latitude Australia P   Sydney        Au,5.92,
31/05/2021,Transportfornsw Opal   Chippendale   Au,5,
28/05/2021,Toymate                Bankstown     Au,6.64,
27/05/2021,Latitude Australia P   Sydney        Au,5.12,
27/05/2021,Latitude Australia P   Sydney        Au,5.12,
26/05/2021,Latitude Australia P   Sydney        Au,5.28,
26/05/2021,Latitude Australia P   Sydney        Au,34.56,
26/05/2021,Latitude Australia P   Sydney        Au,40.96,
26/05/2021,Latitude Australia P   Sydney        Au,34.56,
26/05/2021,Latitude Australia P   Sydney        Au,34.56,
26/05/2021,Latitude Australia P   Sydney        Au,38.88,
26/05/2021,Latitude Australia P   Sydney        Au,38.88,
26/05/2021,Latitude Australia P   Sydney        Au,38.88,
26/05/2021,Latitude Australia P   Sydney        Au,5.29,
26/05/2021,Latitude Australia P   Sydney        Au,4.32,
26/05/2021,Latitude Australia P   Sydney        Au,4.32,
25/05/2021,Latitude Australia P   Sydney        Au,5.12,
25/05/2021,Latitude Australia P   Sydney        Au,4.32,
25/05/2021,Latitude Australia P   Sydney        Au,4.32,
25/05/2021,Latitude Australia P   Sydney        Au,4.32,
25/05/2021,Latitude Australia P   Sydney        Au,4.32,
24/05/2021,Latitude Australia P   Sydney        Au,5.64,
24/05/2021,Latitude Australia P   Sydney        Au,38.88,
24/05/2021,Latitude Australia P   Sydney        Au,40.96,
24/05/2021,Latitude Australia P   Sydney        Au,34.56,
24/05/2021,Latitude Australia P   Sydney        Au,34.56,
24/05/2021,Latitude Australia P   Sydney        Au,4.32,
24/05/2021,Latitude Australia P   Sydney        Au,4.32,
24/05/2021,Latitude Australia P   Sydney        Au,5.12,
24/05/2021,Latitude Australia P   Sydney        Au,5.92,
24/05/2021,Latitude Australia P   Sydney        Au,4.32,
24/05/2021,Latitude Australia P   Sydney        Au,4.32,
24/05/2021,Bunnings 409000        Greenacre     Au,26.19,
24/05/2021,Bunnings 423000        Bankstown     Au,19.65,
24/05/2021,Hungry Jacks           Bankstown     Au,9.05,
21/05/2021,Toymate                Bankstown     Au,10.43,
20/05/2021,Latitude Australia P   Sydney        Au,5.12,
20/05/2021,Latitude Australia P   Sydney        Au,5.12,
20/05/2021,Zippay P148110423      Sydney        Au,16.7,
20/05/2021,Transportfornsw Opal   Chippendale   Au,5,
19/05/2021,Latitude Australia P   Sydney        Au,5.29,
19/05/2021,Latitude Australia P   Sydney        Au,4.32,
19/05/2021,Latitude Australia P   Sydney        Au,33.48,
19/05/2021,Latitude Australia P   Sydney        Au,33.48,
19/05/2021,Latitude Australia P   Sydney        Au,33.48,
19/05/2021,Latitude Australia P   Sydney        Au,33.48,
19/05/2021,Latitude Australia P   Sydney        Au,33.48,
19/05/2021,Latitude Australia P   Sydney        Au,33.48,
19/05/2021,Latitude Australia P   Sydney        Au,4.32,
19/05/2021,Latitude Australia P   Sydney        Au,4.32,
19/05/2021,Latitude Australia P   Sydney        Au,4.32,
19/05/2021,Latitude Australia P   Sydney        Au,33.48,
19/05/2021,Latitude Australia P   Sydney        Au,33.48,
19/05/2021,Latitude Australia P   Sydney        Au,5.12,
19/05/2021,Latitude Australia P   Sydney        Au,5.12,
18/05/2021,Interest Charges - Cash,0.99,
17/05/2021,Bunnings 423000        Bankstown     Au,224,
17/05/2021,Transportfornsw Opal   Chippendale   Au,5,
17/05/2021,Costco Online Shopping Lidcombe      Au,19.97,
14/05/2021,Westpac General Ins    Sydney        Au,69.87,
14/05/2021,Daiso Burwood          Burwood       Au,16.8,
14/05/2021,Paypal *Australianp    0393220568    Au,8.88,
13/05/2021,Payment - Autopay,,2359.54
13/05/2021,Digital Rewards        Melbourne     Au,25,
13/05/2021,Digital Rewards        Melbourne     Au,25,
13/05/2021,Paypal *Australianp    0393220568    Au,10.21,
13/05/2021,Paypal *Australianp    0393220568    Au,10.21,
12/05/2021,Latitude Australia P   Sydney        Au,5.29,
12/05/2021,Latitude Australia P   Sydney        Au,5.58,
12/05/2021,Latitude Australia P   Sydney        Au,5.58,
12/05/2021,Latitude Australia P   Sydney        Au,5.58,
12/05/2021,Latitude Australia P   Sydney        Au,5.58,
12/05/2021,Latitude Australia P   Sydney        Au,5.58,
12/05/2021,Latitude Australia P   Sydney        Au,5.58,
12/05/2021,Latitude Australia P   Sydney        Au,5.58,
12/05/2021,Latitude Australia P   Sydney        Au,5.58,
12/05/2021,Mypost Business/Post     Melbourne   Au,31.3,
11/05/2021,Transportfornsw Opal   Chippendale   Au,5,
10/05/2021,Shinnyo En Australia   Lane Cove     Au,30,
5/05/2021,Westpac General Ins    Sydney        Au,138.94,
5/05/2021,Latitude Australia P   Sydney        Au,5.58,
5/05/2021,Latitude Australia P   Sydney        Au,5.58,
5/05/2021,Latitude Australia P   Sydney        Au,5.58,
5/05/2021,Latitude Australia P   Sydney        Au,5.58,
5/05/2021,Latitude Australia P   Sydney        Au,5.58,
5/05/2021,Latitude Australia P   Sydney        Au,5.58,
5/05/2021,Latitude Australia P   Sydney        Au,5.58,
5/05/2021,Latitude Australia P   Sydney        Au,5.58,
5/05/2021,Latitude Australia P   Sydney        Au,5.29,
5/05/2021,Shopback Australia     Internet      Au,172.21,
4/05/2021,Target Online          03            Au,,150
4/05/2021,Target Online          03            Au,,150
4/05/2021,Blue Mountains City    Katoomba      Au,2.22,
4/05/2021,Target Online          03            Au,150,
4/05/2021,Target Online          03            Au,150,
3/05/2021,Target Online          03            Au,,30
3/05/2021,Target Online          03            Au,30,
3/05/2021,Gtdeals Pty Ltd        Smithfield    Au,280,
29/04/2021,Bunnings 409000        Greenacre     Au,5,
28/04/2021,Latitude Australia P   Sydney        Au,5.29,
28/04/2021,Latitude Australia P   Sydney        Au,5.58,
28/04/2021,Latitude Australia P   Sydney        Au,5.58,
28/04/2021,Latitude Australia P   Sydney        Au,5.58,
28/04/2021,Latitude Australia P   Sydney        Au,5.58,
28/04/2021,Latitude Australia P   Sydney        Au,5.58,
28/04/2021,Latitude Australia P   Sydney        Au,5.58,
28/04/2021,Latitude Australia P   Sydney        Au,5.58,
28/04/2021,Latitude Australia P   Sydney        Au,5.58,
27/04/2021,Cash Advance Fee - Cash Subs,2.5,
27/04/2021,Cash Advance Fee - Cash Subs,2.5,
27/04/2021,Paypal *Tattsonline    4029357733    Au,50,
27/04/2021,Paypal *Tattsonline    4029357733    Au,50,
26/04/2021,Shinnyo En Australia   Lane Cove     Au,33,
22/04/2021,Latitude Australia P   Sydney        Au,5.58,
22/04/2021,Latitude Australia P   Sydney        Au,5.58,
21/04/2021,Latitude Australia P   Sydney        Au,30.72,
21/04/2021,Latitude Australia P   Sydney        Au,30.72,
21/04/2021,Latitude Australia P   Sydney        Au,30.72,
21/04/2021,Latitude Australia P   Sydney        Au,5.58,
21/04/2021,Latitude Australia P   Sydney        Au,25.92,
21/04/2021,Latitude Australia P   Sydney        Au,30.72,
21/04/2021,Latitude Australia P   Sydney        Au,30.72,
21/04/2021,Latitude Australia P   Sydney        Au,5.58,
21/04/2021,Latitude Australia P   Sydney        Au,5.58,
21/04/2021,Latitude Australia P   Sydney        Au,5.58,
21/04/2021,Latitude Australia P   Sydney        Au,5.58,
21/04/2021,Latitude Australia P   Sydney        Au,5.58,
21/04/2021,Latitude Australia P   Sydney        Au,5.35,
20/04/2021,Latitude Australia P   Sydney        Au,5.12,
20/04/2021,Latitude Australia P   Sydney        Au,5.12,
20/04/2021,Latitude Australia P   Sydney        Au,5.12,
20/04/2021,Latitude Australia P   Sydney        Au,4.32,
20/04/2021,Latitude Australia P   Sydney        Au,5.12,
20/04/2021,Latitude Australia P   Sydney        Au,5.12,
20/04/2021,Lego Australia Pty Ltd Sydney        Au,169.99,
19/04/2021,Target Online          03            Au,,195
19/04/2021,Target Online          03            Au,55,
19/04/2021,Target Online          03            Au,195,
19/04/2021,Bunnings 423000        Bankstown     Au,19.05,
19/04/2021,Coles 7708             Chullora      Au,250,
19/04/2021,Shopback Australia     Internet      Au,152.28,
15/04/2021,Paypal *Sydneywater    0288496164    Au,151.89,
15/04/2021,Transportfornsw Opal   Chippendale   Au,5,
14/04/2021,Westpac General Ins    Sydney        Au,71.08,
14/04/2021,Pink Inspection        Sans Souci    Au,240,
13/04/2021,Latitude Australia P   Sydney        Au,5.12,
13/04/2021,Latitude Australia P   Sydney        Au,4.32,
13/04/2021,Latitude Australia P   Sydney        Au,5.12,
13/04/2021,Latitude Australia P   Sydney        Au,5.12,
13/04/2021,Latitude Australia P   Sydney        Au,5.12,
13/04/2021,Latitude Australia P   Sydney        Au,5.12,
12/04/2021,Payment - Autopay,,5458.89
8/04/2021,Shopback Australia     Internet      Au,50,
8/04/2021,Shopback Australia     Internet      Au,100,
8/04/2021,Shopback Australia     Internet      Au,88.85,
8/04/2021,Shopback Australia     Internet      Au,500,
8/04/2021,Birrong Leisure Centre Birrong       Au,87.6,
7/04/2021,Bankstown District S   Bankstown     Au,30,
6/04/2021,Latitude Australia P   Sydney        Au,5.12,
6/04/2021,Latitude Australia P   Sydney        Au,4.32,
6/04/2021,Latitude Australia P   Sydney        Au,5.12,
6/04/2021,Latitude Australia P   Sydney        Au,5.12,
6/04/2021,Latitude Australia P   Sydney        Au,5.12,
6/04/2021,Latitude Australia P   Sydney        Au,5.12,
6/04/2021,Westpac General Ins    Sydney        Au,138.94,
6/04/2021,Hungry Jacks           Bankstown     Au,27.35,
6/04/2021,Metro Petroleum Bankst Bankstown     Au,46.34,
30/03/2021,Latitude Australia P   Sydney        Au,5.12,
30/03/2021,Latitude Australia P   Sydney        Au,5.12,
30/03/2021,Latitude Australia P   Sydney        Au,5.12,
30/03/2021,Latitude Australia P   Sydney        Au,4.32,
30/03/2021,Latitude Australia P   Sydney        Au,5.12,
30/03/2021,Latitude Australia P   Sydney        Au,5.12,
29/03/2021,Shinnyo En Australia   Lane Cove     Au,3,
29/03/2021,Shinnyo En Australia   Lane Cove     Au,89,
26/03/2021,Target 5015            Bankstown     Au,,50
26/03/2021,Target Online          03            Au,,63.2
26/03/2021,Target Online          03            Au,63.2,
26/03/2021,Daiso Burwood          Burwood       Au,16.8,
26/03/2021,Bendos Premium Meat    Five Dock     Au,330,
26/03/2021,Transportfornsw Opal   Chippendale   Au,5,
25/03/2021,Paypal *Airbnbpayme  H 4029357733    Au,,131.01
19/03/2021,Lego Australia Pty Ltd Sydney        Au,229.98,
19/03/2021,Lego Australia Pty Ltd Sydney        Au,29.99,
19/03/2021,Lego Australia Pty Ltd Sydney        Au,209.97,
15/03/2021,Payment - Autopay,,3587.62
15/03/2021,Westpac General Ins    Sydney        Au,71.08,
15/03/2021,Paypal *Eb School Holi 4029357733    Au,44.38,
15/03/2021,Paypal *Eb Heli Yang P 4029357733    Au,40,
15/03/2021,Paypal *Airbnbpayme  H 4029357733    Au,1792.32,
12/03/2021,Digital Rewards        Melbourne     Au,30,
12/03/2021,Digital Rewards        Melbourne     Au,30,
10/03/2021,Woolworths      1131   Bankstown Nsw Au,24.89,
8/03/2021,Hungry Jacks           Bankstown     Au,7,
5/03/2021,Westpac General Ins    Sydney        Au,126.28,
1/03/2021,Nespresso              Australia     Au,26.5,
1/03/2021,Qbe Insurance          Sydney        Au,446.14,
25/02/2021,Digital Rewards        Melbourne     Au,30,
25/02/2021,Digital Rewards        Melbourne     Au,30,
25/02/2021,Shopback Australia     Internet      Au,200,
25/02/2021,Shopback Australia     Internet      Au,100,
25/02/2021,Shopback Australia     Internet      Au,398.4,
24/02/2021,Shopback Australia     Internet      Au,500,
24/02/2021,Shopback Australia     Internet      Au,200,
24/02/2021,Manna Healthy Way Pty. Sydney        Au,11,
22/02/2021,Shopback Australia     Internet      Au,400,
22/02/2021,Shopback Australia     Internet      Au,400,
22/02/2021,Shopback Australia     Internet      Au,300,
22/02/2021,Target Online          03            Au,92.5,
22/02/2021,Shopback Australia     Internet      Au,158.4,
18/02/2021,Sydney Catholic        Leichhardt    Au,2815,
15/02/2021,Westpac General Ins    Sydney        Au,71.08,
12/02/2021,Payment - Autopay,,4024.83
10/02/2021,Shopback Australia     Internet      Au,353.62,
8/02/2021,Zippay P125833283      Sydney        Au,108,
8/02/2021,Shopback Australia     Internet      Au,23.98,
5/02/2021,Westpac General Ins    Sydney        Au,126.28,
1/02/2021,Target Online          03            Au,50,
27/01/2021,Grouponau              Sydney        Au,4.45,
27/01/2021,Grouponau              Sydney        Au,5.35,
27/01/2021,Costco Wholesale Pty   Lidcombe      Au,2.99,
25/01/2021,Costco Wholesale Pty   Lidcombe      Au,8.97,
19/01/2021,Hungry Jacks           Bankstown     Au,17.9,
18/01/2021,Costco Wholesale Austr Lidcombe      Au,,67.99
14/01/2021,Payment - Autopay,,2030.09
14/01/2021,General Ins Home       Sydney        Au,71.08,
13/01/2021,Costco Online Shopping Lidcombe      Au,17.98,
11/01/2021,Costco Wholesale Pty   Lidcombe      Au,8.97,
7/01/2021,Lego Australia Pty Ltd Sydney        Au,177.96,
7/01/2021,Lego Australia Pty Ltd Sydney        Au,99.99,
7/01/2021,Lego Australia Pty Ltd Sydney        Au,172.98,
7/01/2021,Lego Australia Pty Ltd Sydney        Au,191.96,
5/01/2021,General Ins Home       Sydney        Au,126.28,
5/01/2021,Zippay P119486459      Sydney        Au,306.83,
4/01/2021,Zippay P118918484      Sydney        Au,164.29,
4/01/2021,Zippay P118706789      Sydney        Au,144.2,
4/01/2021,Costco Online Shopping Lidcombe      Au,60,
30/12/2020,Transportfornsw Opal   Chippendale   Au,5,
29/12/2020,Grouponau              Sydney        Au,4.45,
29/12/2020,Grouponau              Sydney        Au,5.35,
29/12/2020,Grouponau              Sydney        Au,4.45,
29/12/2020,Shopback Australia     Internet      Au,50,
29/12/2020,Shopback Australia     Internet      Au,200,
29/12/2020,Shopback Australia     Internet      Au,200,
29/12/2020,Shopback Australia     Internet      Au,200,
29/12/2020,Shopback Australia     Internet      Au,381.14,
29/12/2020,Shopback Australia     Internet      Au,1000,
24/12/2020,Digital Rewards        Melbourne     Au,30,
24/12/2020,Digital Rewards        Melbourne     Au,30,
22/12/2020,Shopback Australia     Internet      Au,100,
22/12/2020,Shopback Australia     Internet      Au,335.13,
21/12/2020,Chapel Rd Market Pty   Bankstown     Au,4.78,
17/12/2020,Zippay P116004734      Sydney        Au,341.31,
14/12/2020,Payment - Autopay,,7329.06
14/12/2020,General Ins Home       Sydney        Au,71.08,
14/12/2020,Drnsw-Onegov Recfish   Cronulla      Au,7.03,
10/12/2020,Transportfornsw Opal   Chippendale   Au,20,
10/12/2020,Transportfornsw Opal   Chippendale   Au,20,
8/12/2020,Shopback Australia     Internet      Au,200,
8/12/2020,Zippay P114476354      Sydney        Au,277.42,
7/12/2020,General Ins Home       Sydney        Au,126.28,
3/12/2020,Zippay P113620604      Sydney        Au,39.6,
2/12/2020,Lego Australia Pty Ltd Sydney        Au,62.43,
30/11/2020,Bunnings 724000        Kirrawee      Au,,200
30/11/2020,Grouponau              Sydney        Au,11.4,
30/11/2020,Grouponau              Sydney        Au,4.45,
30/11/2020,Bunnings 724000        Kirrawee      Au,265,
30/11/2020,Zippay P112540477      Sydney        Au,228.51,
30/11/2020,Shopback Australia     Internet      Au,121.18,
27/11/2020,Kabuki Shoroku         Sydney        Au,12.8,
27/11/2020,Lego Australia Pty Ltd Sydney        Au,215.98,
27/11/2020,Transportfornsw Opal   Chippendale   Au,20,
25/11/2020,Prezzee/0853F580       Sydney        Au,50,
25/11/2020,Transportfornsw Opal   Chippendale   Au,5,
23/11/2020,Tk Maxx Chullora       Chullora      Au,39.98,
23/11/2020,Tk Maxx Fairfield      Fairfield     Au,14.99,
20/11/2020,Metro Petroleum Yago   Yagoona       Au,50.85,
19/11/2020,Paypal *Pizzapangro    4029357733    Au,24.8,
18/11/2020,Prezzee/B91Ba722       Sydney        Au,100,
16/11/2020,General Ins Home       Sydney        Au,71.08,
16/11/2020,Specsavers Roselands P Roselands     Au,124,
16/11/2020,Costco Wholesale Pty   Lidcombe      Au,8.97,
16/11/2020,Costco Wholesale Pty   Lidcombe      Au,59.84,
16/11/2020,Xiangyao Asian Superma Eastwood      Au,31.5,
13/11/2020,Manna Healthy Way Pty. Sydney        Au,11,
12/11/2020,Payment - Autopay,,2524.46
11/11/2020,Woolworths Gift Cards  Bella Vista   Au,5.76,
11/11/2020,Woolworths Gift Cards  Bella Vista   Au,5.76,
9/11/2020,Shinnyo En Australia   Lane Cove     Au,15,
9/11/2020,Shinnyo En Australia   Lane Cove     Au,36,
9/11/2020,Tong Li Super Market   Campsie       Au,38.79,
5/11/2020,General Ins Home       Sydney        Au,126.28,
2/11/2020,Chapel Rd Market Pty   Bankstown     Au,20.8,
2/11/2020,Costco Wholesale Pty   Lidcombe      Au,99.68,
2/11/2020,Arcadeexpressdimsum    Burwood       Au,17.1,
2/11/2020,Altra Nursery Pty Lt   Peakhurst     Au,39.95,
2/11/2020,Bunnings 493000        Padstow       Au,13.24,
30/10/2020,San Jose Place         Mascot        Au,5,
30/10/2020,Manna Healthy Way Pty. Sydney        Au,13,
29/10/2020,Whsmith Wynyard        Sydney        Au,1,
26/10/2020,Fields Of Fruit        Bankstown     Au,9.66,
26/10/2020,Chemist Warehouse      Eastwood      Au,10.49,
26/10/2020,Ok Eastwood            Eastwood      Au,21.23,
26/10/2020,Sushi Hub Eastwood     Eastwood      Au,18.6,
26/10/2020,Paypal *Arisit Pty  Eb 4029357733    Au,1749,
23/10/2020,Chapel Rd Market Pty   Bankstown     Au,15.3,
21/10/2020,Woolworths Gift Cards  Bella Vista   Au,1940,
21/10/2020,Lego Australia Pty Ltd Sydney        Au,79.99,
21/10/2020,Lego Australia Pty Ltd Sydney        Au,209.97,
21/10/2020,Lego Australia Pty Ltd Sydney        Au,159.98,
21/10/2020,Lego Australia Pty Ltd Sydney        Au,159.98,
19/10/2020,Woolworths Gift Cards  Bella Vista   Au,1900,
19/10/2020,Wholefarms Pty Ltd     Milperra      Au,28.63,
19/10/2020,Altra Nursery Pty Lt   Peakhurst     Au,27.95,
19/10/2020,Altra Nursery Pty Lt   Peakhurst     Au,7.95,
19/10/2020,Bunnings 493000        Padstow       Au,10.43,
19/10/2020,Mncy Pty Ltd           Wiley Park    Au,42.89,
19/10/2020,Spendless Shoes        Campsie       Au,29.99,
19/10/2020,Tong Li Super Market   Campsie       Au,63.27,
16/10/2020,Lego Australia Pty Ltd Sydney        Au,209.93,
16/10/2020,Lego Australia Pty Ltd Sydney        Au,209.93,
16/10/2020,Costco Wholesale Pty   Lidcombe      Au,44.16,
15/10/2020,Payment - Autopay,,5152.6
14/10/2020,General Ins Home       Sydney        Au,71.08,
12/10/2020,Tong Li Super Market   Campsie       Au,6.98,
12/10/2020,Tong Li Super Market   Campsie       Au,6.98,
6/10/2020,Mcdonalds Blaxland     Blaxland      Au,10.2,
5/10/2020,General Ins Home       Sydney        Au,126.28,
5/10/2020,Leura Toys Pty Ltd     Leura         Au,10.95,
5/10/2020,Altra Nursery Pty Lt   Peakhurst     Au,64.8,
5/10/2020,Costco Wholesale Pty   Lidcombe      Au,111.44,
5/10/2020,Wholefarms Pty Ltd     Milperra      Au,36.4,
5/10/2020,Hungry Jacks           Bankstown (Mi Au,9.75,
5/10/2020,Amazon Au              Sydney South  Au,141.6,
1/10/2020,Hungry Jacks           Bankstown     Au,20.4,
29/09/2020,Paypal *Chenruoshi0    4029357733    Au,10,
28/09/2020,Fresh Asiana           Lidcombe      Au,12.54,
28/09/2020,Costco Wholesale Pty   Lidcombe      Au,8.98,
28/09/2020,Costco Wholesale Pty   Lidcombe      Au,139.68,
28/09/2020,Amazon Au              Sydney South  Au,396,
24/09/2020,Amazon Au              Sydney South  Au,276,
21/09/2020,Target 5015            Bankstown     Au,,27
21/09/2020,Target 5015            Bankstown     Au,,40.5
21/09/2020,Bunnings 593000        Lidcombe      Au,5.68,
21/09/2020,Bunnings 388000        Rydalmere     Au,6.98,
